"occ","h3_id","year","btemp_mean","sal_mean","ml_mean"
0,"852a030bfffffff",1993,2.811532959342,34.6558655103048,31.1129859685898
0,"851a8507fffffff",1993,-0.192052962755164,32.1912034988403,22.8558215141296
0,"852ad593fffffff",1993,20.2268034617106,34.4813804626465,7.01925754547119
0,"852b2007fffffff",1993,5.03877075513204,30.7167525609334,16.8945389429728
0,"852a1b83fffffff",1993,2.89754939079285,34.6407330830892,30.4104247490565
0,"852b25abfffffff",1993,3.46567584872246,31.5191096305847,18.6290074825287
0,"852b240bfffffff",1993,1.97567676007748,31.0196996370951,18.5628842035929
0,"851a8203fffffff",1993,3.20200813213984,32.7062797546387,21.1289824326833
0,"852a0c13fffffff",1993,1.88702049354712,35.4890847206116,32.5085723400116
0,"851ab56bfffffff",1993,1.76325572642187,31.4719329833984,15.2897737503052
0,"851b8eb7fffffff",1993,1.75710320472717,32.3973477946387,25.9131828811434
0,"852b080ffffffff",1994,4.44029057025909,30.5858726501465,16.0571872194608
0,"851aabdbfffffff",1994,0.202169885858893,32.1571946541468,19.5350259741147
0,"852a1b6ffffffff",1994,3.33432008160485,34.755835003323,26.8817217614916
0,"851b816ffffffff",1994,0.784091736396982,31.322184642156,16.8021355999841
0,"851b8323fffffff",1994,-0.563814184007545,30.8571695884069,15.0081135034561
0,"852b3147fffffff",1994,0.747489866365989,26.5942870140076,14.3182678540548
0,"851aae3bfffffff",1994,-0.300881967321038,32.131285349528,22.0063896020254
0,"852a00d3fffffff",1994,8.43784907460213,32.4107840061188,21.6045623620351
0,"852b56abfffffff",1994,2.03308208535115,34.3622522354126,30.4581093589465
0,"852b0d2bfffffff",1994,6.81476786732674,31.2572799921036,14.9349961280823
0,"851a9657fffffff",1994,3.48313853641351,31.5932060480118,19.8878963192304
0,"852b0c2bfffffff",1995,9.73270362615585,31.0120827356974,18.6480815410614
0,"851aa0c7fffffff",1995,-0.527247923943732,31.1443931791517,18.1669912073347
0,"852af5affffffff",1995,2.87314067284266,36.1163416544596,35.587127161026
0,"852b2b27fffffff",1995,5.99396752317747,31.2532425986396,20.972998936971
0,"852a19cbfffffff",1995,2.40800197124481,35.5203914642334,29.8420173009237
0,"852b34bbfffffff",1995,0.485531194135547,30.3692485491435,17.4082671483358
0,"852b0bc7fffffff",1995,5.98532056311766,31.0618978738785,17.719810227553
0,"852a3153fffffff",1995,6.82461017370224,31.6430210669835,16.9282364050547
0,"851a94b3fffffff",1995,5.14006978273392,32.084490246243,21.4095831712087
0,"851ba443fffffff",1995,3.21320231093301,33.7639621628655,36.7260606553819
0,"851ba377fffffff",1995,0.058442963287234,32.0808027903239,20.1930813471476
0,"852a0093fffffff",1996,6.90954315662384,32.1864097515742,24.2844691673915
0,"852b367bfffffff",1996,1.62361524171299,26.8733489248488,11.2388652563095
0,"852b203bfffffff",1996,4.21721550822258,29.4183173179626,13.7269717057546
0,"851b9367fffffff",1996,4.54742070039113,31.0324496163262,19.7077522410287
0,"851a9343fffffff",1996,1.89352093802558,34.0784086651272,29.5563299126095
0,"851baa37fffffff",1996,2.50852993958526,32.9348548253377,23.3699735138151
0,"851a8213fffffff",1996,3.20103559891383,33.0518849690755,20.837360991372
0,"851ab457fffffff",1996,3.5603198731939,31.5013962189356,18.8388222455978
0,"851b824bfffffff",1996,1.24226612483876,30.5940215322706,13.2310460673438
0,"852b740ffffffff",1996,2.20914336045583,33.2375498612722,22.5995930234591
0,"852a15bbfffffff",1996,7.10458697378635,30.9238014618556,12.6206756631533
0,"852a1d9bfffffff",1997,2.59910889466604,34.6478757858276,31.8791277938419
0,"852b1b67fffffff",1997,7.47645499308904,31.8061045408249,28.1469682256381
0,"851b859bfffffff",1997,1.06222726637497,32.4020417928696,25.7563516497612
0,"851a832bfffffff",1997,3.65808590253194,32.929630835851,16.0095019340515
0,"852a24a3fffffff",1997,6.08795433243116,31.4253860314687,20.5618466337522
0,"851aa14bfffffff",1997,-0.190206591971219,31.87553413709,18.1553348700205
0,"852a049bfffffff",1997,6.51062044501305,32.1959784428279,29.0943136413892
0,"852aa90bfffffff",1997,14.6239305469725,11.9340511427985,7.01925754547119
0,"852b2dd3fffffff",1997,1.82019107143084,31.1947233200073,20.676291068395
0,"852a2c97fffffff",1997,1.84612569709619,35.2517712116241,39.918847878774
0,"852a2073fffffff",1997,9.12690613004896,32.1727823946211,27.2356515195635
0,"852a2aa3fffffff",1998,1.84687340507905,35.1190155347188,35.210732003053
0,"852b2b6ffffffff",1998,4.94378490746021,30.9815325737,18.069501499335
0,"851b916bfffffff",1998,4.41130812631713,30.8198373847538,17.645633260409
0,"851a8e7bfffffff",1998,4.1466007232666,33.2965837054782,19.2690485583411
0,"852a15c7fffffff",1998,9.82137518127759,28.9472194115321,10.1569419403871
0,"851a9c93fffffff",1998,2.26715903977553,33.1813445885976,23.5437594652176
0,"851b81d7fffffff",1998,0.847663826992114,32.22693567276,18.8451803366343
0,"852b74dbfffffff",1998,4.12938323120276,31.9323428869247,16.2479279836019
0,"852a2673fffffff",1998,6.76139106353124,31.7314929564794,24.4148085912069
0,"852b73b7fffffff",1998,1.81826229724619,35.1841961542765,45.4513877497779
0,"852a25a7fffffff",1998,2.64099553227425,32.8313991228739,17.6594091455142
0,"852b04d3fffffff",1999,0.422203252919846,28.5407616032494,14.5386793480979
0,"851a9d87fffffff",1999,3.32442703346411,32.8934531211853,18.9850568771362
0,"851ba08ffffffff",1999,2.84807886679967,33.9836956659953,38.3134470913145
0,"852a24b7fffffff",1999,8.14698733554946,31.9548080762227,19.3008386294047
0,"851a8c0bfffffff",1999,5.04141974449158,32.2599211374919,24.6538702487946
0,"852b2197fffffff",1999,4.52951142191887,31.8880590995153,21.862062394619
0,"852b265bfffffff",1999,0.345451228693128,30.6758323669434,16.4952550093333
0,"852a1c93fffffff",1999,3.82882170875867,34.7644604841868,30.2419366240501
0,"852b3687fffffff",1999,3.67361982601384,31.0653312206268,7.84262152512868
0,"852b3523fffffff",1999,4.9393444955349,30.3959903717041,19.5986062089602
0,"852ac6cbfffffff",1999,21.3361308574677,35.1958844661713,15.3546256621679
0,"851b9e53fffffff",2000,2.70262766480446,30.9180220921834,21.2078216552734
0,"851b8bcbfffffff",2000,3.04184090097745,32.285499215126,17.6371560494105
0,"851aa85bfffffff",2000,0.689992998623186,32.1310311953227,24.1392941474915
0,"852b1987fffffff",2000,7.28163703680038,31.7593918482463,21.1060934066772
0,"852b5637fffffff",2000,1.95688753823439,34.4237341880798,61.7406432893541
0,"852ae06bfffffff",2000,1.91740166892608,36.4717804590861,60.5442750056585
0,"851a9227fffffff",2000,1.88770207762718,33.8945775561862,30.9042309655084
0,"851ba43bfffffff",2000,2.6393119196097,34.2703151702881,83.7436412043042
0,"852a30b3fffffff",2000,6.62666703263919,32.3569636742274,30.1433874368668
0,"851a9d97fffffff",2000,3.47657705843449,32.941837867101,17.3891931772232
0,"852b719bfffffff",2000,1.83364361921946,35.0806702295939,43.0438162644704
0,"852a26dbfffffff",2001,7.8928291466501,31.9482168621487,23.1326072216034
0,"851a84cbfffffff",2001,-0.498779243168732,31.9908682902654,18.4064766963323
0,"852ba5a7fffffff",2001,1.95669425527255,21.0804057916005,10.5288858413696
0,"852b7497fffffff",2001,2.32832831144333,32.6472177505493,19.3199127780067
0,"852b7067fffffff",2001,1.86687828848759,34.2828086217244,38.2911942402522
0,"850f4db7fffffff",2001,3.48044855254037,33.7987768082392,32.8001329217638
0,"851b910bfffffff",2001,-0.357982097711,30.9528047773573,19.5954270760218
0,"852b0d1bfffffff",2001,5.23259685436885,31.5605257352193,21.1912908951441
0,"851b8bd7fffffff",2001,3.08337658246358,32.8488010406494,23.5984385331472
0,"850f49affffffff",2001,-0.254422624698944,30.8233977688683,14.814193699095
0,"851a92cffffffff",2001,1.94956817477941,33.2513785362244,25.7213825186094
0,"852a0417fffffff",2002,8.70029805766212,32.8689433203803,28.1681615379122
0,"852b6293fffffff",2002,1.82578204870224,35.358007367452,50.6556418736776
0,"850e49b7fffffff",2002,4.15846229592959,22.4287308322059,10.5310051838557
0,"851ab0d3fffffff",2002,5.95866778824064,31.7233548694187,24.3173189957937
0,"852b1883fffffff",2002,7.17160560687383,31.838752746582,21.7635130484899
0,"852b225bfffffff",2002,3.17041538904111,30.0727804104487,18.4827729860942
0,"852a2613fffffff",2002,8.55499435464541,32.3872277736664,25.9057650367419
0,"851b926bfffffff",2002,1.60553608164191,30.9524572690328,18.2017484664917
0,"852b096ffffffff",2002,3.22672813733419,32.4741608301798,18.189032459259
0,"851a8813fffffff",2002,3.02221746742725,32.4946465492249,21.1213527917862
0,"851ba547fffffff",2002,2.11146379013856,34.2986718813578,52.2905016872618
0,"851a926bfffffff",2003,1.86129339536031,34.4147373835246,36.2757007479668
0,"852a3463fffffff",2003,6.20539971854952,32.116789287991,13.1568690405952
0,"851b9e73fffffff",2003,1.52494278848171,31.0409862836202,15.3050332228343
0,"851aad9bfffffff",2003,0.643543831383189,32.7875606218974,24.8535123268763
0,"851ba84ffffffff",2003,3.96725367506345,33.5116335021125,26.6210425827238
0,"852b12c7fffffff",2003,7.82961519720654,13.6906033833822,7.01925754547119
0,"851a854ffffffff",2003,0.415245034214523,32.5410384072198,26.7545611593458
0,"851a865bfffffff",2003,2.59648428546886,32.3087061246236,19.4015073378881
0,"852b1937fffffff",2003,6.78205208977063,31.9633064667384,19.5286677678426
0,"851a1627fffffff",2003,3.38608969251315,33.9746991793315,38.672675649325
0,"850f4993fffffff",2003,1.29421878802694,32.4328252474467,19.1058593326145
0,"852b0eaffffffff",2004,2.98654135751227,31.0799546639125,23.4579259951909
0,"852a114bfffffff",2004,7.9840541233619,31.9060525099436,15.0399034221967
0,"852a033bfffffff",2004,2.66303496228324,35.113071123759,48.4523748026954
0,"852ae07bfffffff",2004,1.88082524140676,36.5096735954285,56.2430721124013
0,"852a0c6bfffffff",2004,1.85694450139999,35.7709358533223,36.1898677547773
0,"852a1a0bfffffff",2004,8.33535268902779,32.4509669939677,15.5262922644615
0,"852b5083fffffff",2004,1.83857236305873,34.8339222272237,46.1497104565303
0,"851b81c7fffffff",2004,1.48669395285348,31.9546277523041,15.5707984566689
0,"851b93bbfffffff",2004,1.91620229184628,31.0450301806132,21.4392538547516
0,"852a0487fffffff",2004,6.03856013218562,32.4843146006266,28.9798693458239
0,"852b6623fffffff",2004,1.82505266865094,35.3203106721242,57.4892446994781
0,"852b29b7fffffff",2005,6.33191936214765,31.9084365367889,15.7742551962535
0,"852a3087fffffff",2005,5.44596696893374,31.5267010529836,25.3049318194389
0,"851a960bfffffff",2005,3.20813625388675,32.7959953943888,21.9012702041202
0,"852af507fffffff",2005,3.12610250711441,34.7304452260335,25.01882092158
0,"852b2007fffffff",2005,5.92805569966634,30.862656434377,18.7053038438161
0,"851b9c5bfffffff",2005,3.56348154942195,31.2361520767212,18.3263657728831
0,"852b70a3fffffff",2005,1.840744263596,34.3627185291714,30.6287165085475
0,"852b5633fffffff",2005,2.11162653896544,34.6866173214383,44.3111824724409
0,"852b227bfffffff",2005,0.570502862127291,29.1107371648153,14.4920539458593
0,"851a82c3fffffff",2005,3.36800746122996,32.6820491949717,22.2085746526718
0,"852b504bfffffff",2005,1.87063204745452,35.0733334223429,48.9567773739497
0,"852af10bfffffff",2006,18.873393992583,34.2858288685481,16.1112305124601
0,"852a190bfffffff",2006,2.14009522895018,35.3630685806274,26.0361045797666
0,"852b7113fffffff",2006,1.82560199995836,35.164125919342,49.3923023343086
0,"852a0573fffffff",2006,3.65136672390832,34.7613455454508,27.920198864407
0,"852b2ecbfffffff",2006,6.34540848123531,28.175387263298,12.41404012839
0,"851a8133fffffff",2006,2.54374831583765,32.2007152769301,26.7587996853722
0,"851ba563fffffff",2006,1.95005139211814,34.4054021305508,139.319121493234
0,"852ae00ffffffff",2006,1.87549467550384,36.3839972813924,71.1250844531589
0,"851ba69bfffffff",2006,3.3795282017617,32.7919928686959,18.5545279525575
0,"851a819bfffffff",2006,2.17309081554413,32.2531050576104,25.673697286182
0,"852aa97bfffffff",2006,16.3042390545209,14.6621727744738,9.48299163579941
0,"852b626bfffffff",2007,1.81301310658455,35.5359429518382,53.467795530955
0,"852a0323fffffff",2007,2.45915099481742,34.6505882740021,30.1719985604286
0,"852b504bfffffff",2007,1.83938111364842,34.8933375676473,37.6840026775996
0,"852b0d6bfffffff",2007,6.56161992152532,31.550085957845,20.6737477779388
0,"851ab32ffffffff",2007,0.197347958106548,32.3401463031769,19.0104889074961
0,"852b2aaffffffff",2007,2.03416549166044,30.3072322209676,15.2465392947197
0,"851ab323fffffff",2007,0.496859666580955,32.2957550684611,20.0811800479889
0,"851a810bfffffff",2007,2.27619254092375,32.446547905604,27.606536368529
0,"852b0057fffffff",2007,7.21338546928018,28.3061082363129,11.2282687028249
0,"852a13a3fffffff",2007,11.1544540921847,31.7107659180959,12.4172189633052
0,"852a203bfffffff",2007,7.81867431600889,32.5756475130717,26.6115056276321
0,"851a848ffffffff",2008,-0.764885374862287,32.0248944494459,18.4213122261895
0,"851aadd7fffffff",2008,0.385039843246341,32.731864229838,22.1030312856038
0,"851ba2bbfffffff",2008,-0.372142679678897,31.9803248246511,19.1588428550296
0,"851ba09bfffffff",2008,2.75314596295357,33.6958253118727,61.831774910291
0,"852b1b27fffffff",2008,6.7312082250913,32.3768639961878,24.5387901465098
0,"852af57bfffffff",2008,10.0319987138112,34.6537355581919,23.1432039737701
0,"852b2967fffffff",2008,4.24831387897332,31.6985903978348,17.640335003535
0,"850f6947fffffff",2008,1.60761133432388,34.240851910909,135.901472187042
0,"851ab067fffffff",2008,2.475310556901,31.9879121383031,24.2304258743922
0,"851b8e83fffffff",2008,2.91026543577512,32.6886512968275,19.7755710946189
0,"852b736bfffffff",2008,1.82805263201396,34.7967976252238,41.3652984142303
0,"852a00a7fffffff",2009,3.47122614913517,35.1307888031006,34.4138594468435
0,"851ba13bfffffff",2009,4.05259864528974,33.3975493907928,27.2155179381371
0,"852b2103fffffff",2009,4.60936311218474,30.1978742546505,12.6990913417604
0,"852b244bfffffff",2009,4.95806759198507,30.9069591840108,18.4560694694519
0,"852a1d83fffffff",2009,2.39086581766605,35.3559156258901,34.187090019385
0,"852a2a7bfffffff",2009,2.13792334165838,35.5983995861477,37.6055873367522
0,"852a23abfffffff",2009,10.8273872335752,32.9580824375153,23.1400250196457
0,"851a8477fffffff",2009,-0.209835078670747,32.0574901898702,23.5352821482552
0,"851a9207fffffff",2009,1.92759179671605,33.7480033874512,23.2678214232127
0,"851ba35bfffffff",2009,-0.851232416720854,31.7887153095669,21.8525253401862
0,"852a35b7fffffff",2009,7.1712393561999,32.7762749989827,34.1711950699488
0,"852a2693fffffff",2010,9.32685329516729,31.9610813061396,18.6894087990125
0,"852a0303fffffff",2010,2.73243406746123,35.4529708226522,43.8152567280663
0,"851a882ffffffff",2010,2.99624623234073,32.6907279491425,14.0703049898148
0,"852b2087fffffff",2010,5.48835719625155,31.3490579922994,24.4211666385333
0,"852a2e97fffffff",2010,2.6034730275472,35.0789920488993,41.1046191851298
0,"852a011bfffffff",2010,2.92587056259314,35.3472372690837,45.8063775897026
0,"852b2b37fffffff",2010,6.3765983581543,31.4723397890727,22.7235743602117
0,"852b266bfffffff",2010,5.19818724791209,30.8605202039083,21.5104635397593
0,"852b2817fffffff",2010,3.05798520644506,30.7455545266469,16.2129586140315
0,"852b252ffffffff",2010,5.4216742515564,31.3268894884321,20.30964506997
0,"852b2363fffffff",2010,1.58597981731097,29.2118850708008,16.1570083300273
0,"852b00b3fffffff",2011,8.22147302081188,27.7237769762675,7.0828378200531
0,"851aaea3fffffff",2011,0.732739253383544,32.3338946766324,24.6267428133223
0,"851b8817fffffff",2011,3.01872617403666,32.9875838597616,31.1517700513204
0,"851ba52ffffffff",2011,1.74678794708517,34.4607376522488,112.823119772805
0,"851ab1cffffffff",2011,0.685525089626511,31.7693614323934,23.789179166158
0,"852b66d7fffffff",2011,1.84820095449686,33.9523820877075,32.1684176921844
0,"851a862bfffffff",2011,6.79829704761505,32.3567919095357,22.0089326699575
0,"852a044bfffffff",2011,10.5810012287564,31.9501666492886,16.3146872520447
0,"851b8033fffffff",2011,0.915875768909852,31.2002484003703,14.1529593467712
0,"851a95affffffff",2011,3.04493546883265,32.9000467300415,26.7672771294912
0,"850f6babfffffff",2011,2.56149990359942,34.4317028257582,224.179656836722
0,"852ae033fffffff",2012,1.86873990297318,36.2818027072483,54.3271881209479
0,"852b08d3fffffff",2012,9.75605332056681,31.0720897992452,17.436242500941
0,"852a0187fffffff",2012,2.63467819492022,35.2521847089132,32.4926771124204
0,"851aa25bfffffff",2012,0.797381528963645,31.8190811475118,20.0633776187897
0,"851a8cdbfffffff",2012,3.32648700972398,32.2885193824768,23.998358130455
0,"852b0157fffffff",2012,10.147343341882,25.2991451422373,8.44345472256343
0,"851a95bbfffffff",2012,3.87785883347193,32.3583937644959,23.097426255544
0,"851aa323fffffff",2012,-0.157414449223628,32.1307768821716,19.3983285029729
0,"852b0a93fffffff",2012,7.67770623763402,31.3819797833761,15.154983774821
0,"852ae64ffffffff",2012,2.45387128492196,35.7753225962321,28.7764125068982
0,"852af0c3fffffff",2012,17.7374186118444,31.3616468111674,10.9803056716919
0,"851b8e2bfffffff",2013,2.21266825745503,32.4768124818802,25.3081109523773
0,"852b31a3fffffff",2013,1.0684377765283,28.9902315934499,15.237002213796
0,"852a25b3fffffff",2013,2.94535660247008,34.0650783379873,44.0674582123756
0,"852b24d3fffffff",2013,3.82182686328888,31.4139225006104,21.6249081134796
0,"852a1b07fffffff",2013,2.66624959309896,35.0650997956594,37.1467499732971
0,"851a9183fffffff",2013,2.37476732333501,33.3887754281362,27.8703944683075
0,"851a8553fffffff",2013,0.776345117793729,32.1064258813858,24.2049936453501
0,"851ab12bfffffff",2013,0.603961318731308,31.9694421688716,20.692186097304
0,"851b9337fffffff",2013,4.44180427392324,31.3063956260681,22.7515498797099
0,"852af163fffffff",2013,20.6062705251906,34.4892217318217,16.2002430491977
0,"851b8167fffffff",2013,1.97708061461647,32.3643387158712,21.6617844899495
0,"851aae63fffffff",2014,0.23402611973385,32.237888124254,28.6534906493293
0,"852a260bfffffff",2014,9.16496783494949,32.5528860886892,27.2504870494207
0,"852a1b8ffffffff",2014,2.70892973740896,35.6868188381195,30.9572145740191
0,"852a0397fffffff",2014,2.8799249480168,35.3340123494466,36.3615339597066
0,"852b5633fffffff",2014,2.04088464048174,35.0792465209961,38.1650934749179
0,"851ab06bfffffff",2014,3.21338543275164,31.8246594005161,22.5201177597046
0,"852b18a3fffffff",2014,7.04957423210144,31.8882817586263,23.5475743452708
0,"851b81bbfffffff",2014,1.50820644013584,32.6552879015605,23.5984385172526
0,"852a0333fffffff",2014,2.50531531704797,35.5123545328776,35.1047649118635
0,"851b858ffffffff",2014,0.984740759763453,32.7007733450996,28.2974413898256
0,"852a0e43fffffff",2014,2.20841092864672,35.7413075764974,30.671103477478
0,"851ba363fffffff",2015,0.017242980189621,32.4936080508762,26.8626474804348
0,"852af553fffffff",2015,9.88457902272542,34.8199025789897,22.8698089917501
0,"852a2647fffffff",2015,9.11028175354004,32.7798290888468,34.468114900589
0,"851a8387fffffff",2015,6.66403192943997,31.9766584502326,25.5295819176568
0,"852a1537fffffff",2015,10.9927243789037,32.6568396250407,15.7755267779032
0,"852b210bfffffff",2015,4.33431502183278,29.9954984982808,13.0371262828509
0,"852b0887fffffff",2015,10.6608478824298,31.1758017937342,18.9087605079015
0,"852b62c7fffffff",2015,1.81394391755263,35.7420705159505,61.6156024932861
0,"851aa3cffffffff",2015,-0.139439038932323,31.7776525815328,19.3792543411255
0,"852b0aaffffffff",2015,7.87572864691417,31.4058985710144,19.3442853093147
0,"852a1e0ffffffff",2015,10.9437085191409,33.4734006722768,16.8042550086975
0,"852b3037fffffff",2016,2.15954467318952,26.1528875350952,10.8595031738281
0,"851b8a13fffffff",2016,0.859590459987521,32.0216224034627,18.817205174764
0,"851a966bfffffff",2016,2.391506716609,33.1708857615789,21.4869391322136
0,"851ba3bbfffffff",2016,0.360148949341642,32.6409445603689,25.7902609639698
0,"851b8c23fffffff",2016,3.02171902855237,33.259177631802,31.8303831153446
0,"851a12d7fffffff",2016,1.04437393581288,32.5177474551731,17.8024646308687
0,"851a8c43fffffff",2016,3.37020480136077,32.1666997273763,26.1219376524289
0,"852ae00ffffffff",2016,1.88253427876366,36.4552917480469,55.5987933476766
0,"852a3007fffffff",2016,8.27274391386244,31.9084157943726,15.0346052646637
0,"852a1c0bfffffff",2016,5.13655506571134,34.8619610468547,38.8061941067378
0,"851ba00ffffffff",2016,2.38648641606172,33.1603950394524,24.6797262430191
0,"851aa117fffffff",2017,-0.427686373910142,32.0968248314328,25.2477098173565
0,"852b226ffffffff",2017,0.521764799952507,28.9905918439229,15.4224446349674
0,"852b7173fffffff",2017,1.82680748237504,35.360525449117,47.1214286751217
0,"851b848bfffffff",2017,1.55293436770638,29.8805200258891,10.9561454614004
0,"851b91affffffff",2017,-0.366960646957159,31.0326700528463,20.3227849324544
0,"851aaac3fffffff",2017,0.670598484886189,32.3520678679148,23.1590992212296
0,"851a8483fffffff",2017,0.272164082154632,31.6285565296809,17.8946558833122
0,"850f4d2bfffffff",2017,0.182250454525153,32.6689453760783,20.119328212738
0,"852b1b4ffffffff",2017,6.74502393404643,32.1996979077657,33.1354733784993
0,"852b0dd7fffffff",2017,7.53654595216115,31.0758854150772,19.8211368521055
0,"852aab83fffffff",2017,17.057588348786,9.34041233857473,7.01925754547119
0,"850f49b7fffffff",2018,3.44208097789023,32.2749766773648,17.1836171282662
0,"851b8c9bfffffff",2018,2.63823360204697,33.0027665456136,25.7220181306203
0,"852a24d3fffffff",2018,7.25284590323766,31.6551650365194,19.9641923904419
0,"851b8963fffffff",2018,3.53816341161728,33.5803040186564,29.7580910364787
0,"851ba303fffffff",2018,0.412544871369998,32.4551267169771,21.1867495831989
0,"851a8d47fffffff",2018,3.3217871983846,32.2869616746902,18.0377114216487
0,"851ab26ffffffff",2018,3.75249491135279,31.3100197315216,21.3915687402089
0,"852aa883fffffff",2018,15.0042726596196,5.59226254622141,7.01925754547119
0,"852ae297fffffff",2018,2.09002960970004,36.4652003447215,39.0160085956256
0,"851b8d73fffffff",2018,2.6907742579778,33.2464063644409,27.2504867871602
0,"851aa4bbfffffff",2018,1.13373212795705,31.9187368154526,17.153946240743
0,"852a00dbfffffff",2019,8.74300361673037,32.1005764404933,22.9397472143173
0,"851b8e9bfffffff",2019,2.6299173211058,32.3618909915288,21.8429882923762
0,"850f4927fffffff",2019,0.849568193654219,29.5612962086995,10.5619479497274
0,"852b5213fffffff",2019,1.91178321242332,35.1624602635701,47.6597412427266
0,"852b626bfffffff",2019,1.82836390535037,35.3528004487356,48.5339694619179
0,"852b2cc3fffffff",2019,2.42111271371444,30.5919573783875,14.1758481820424
0,"851b8333fffffff",2019,-0.445397276120881,31.8592680295308,21.4222990936703
0,"851a88c7fffffff",2019,3.18889737725258,32.0772169748942,23.4763643105825
0,"851ba46ffffffff",2019,2.88348035017649,34.1022936503092,102.478616568777
0,"851a160ffffffff",2019,3.43187354803085,33.1196020126343,21.2027353127797
0,"852a1e2ffffffff",2019,11.9506057401498,33.1648139556249,20.2185133894285
0,"852b089bfffffff",2020,9.6159144308832,31.1763951513502,19.1567235390345
0,"851a948bfffffff",2020,7.46366162896156,31.9484541575114,20.8797478357951
0,"852b036ffffffff",2020,7.3026063144207,30.4318494796753,14.7283604542414
0,"851aadc7fffffff",2020,0.245765577536076,32.3439295291901,21.8334512710571
0,"852b529bfffffff",2020,2.08730127016703,34.9268829345703,36.4950528462728
0,"852b0887fffffff",2020,10.3358409603437,31.2239321072896,21.2421551744143
0,"851a8637fffffff",2020,3.11918089489142,31.8885870933533,23.9214260578156
0,"852b1b27fffffff",2020,9.27123324076335,32.1757280826569,29.1515357891719
0,"851a953bfffffff",2020,2.89544359842936,33.8623206880358,34.9776044421726
0,"852b56cbfffffff",2020,3.32284006973108,32.8782894611359,20.8034515380859
0,"852b2bb3fffffff",2020,6.16011539349953,31.5326459010442,18.9151185552279
0,"852b0c2ffffffff",2021,11.1267738938332,31.1452834606171,18.5622484286626
0,"851a12a3fffffff",2021,3.78986482322216,33.5350096225739,18.4891311724981
0,"851b8e2ffffffff",2021,3.32818080484867,32.1646971305211,18.0949336886406
0,"852b76d7fffffff",2021,8.55763423442841,31.3192387421926,19.5954271157583
0,"852b08d3fffffff",2021,10.5605822722117,30.6361837704976,16.6402178287506
0,"851ba537fffffff",2021,1.56862087845802,34.3672746658325,48.18109887441
0,"851a8193fffffff",2021,2.01281778514385,32.1210489670436,24.7644999623299
0,"851aae47fffffff",2021,1.02363660310705,32.0362330277761,24.5101789633433
0,"851ba24bfffffff",2021,1.65879291130437,27.9869143168132,10.7408200369941
0,"851aa12ffffffff",2021,0.731772834745546,32.2364154259364,23.0287595788638
0,"852af693fffffff",2021,17.154443985886,13.8585399256812,7.27357832590739
0,"852b0b93fffffff",2022,6.8990447918574,31.0817669232686,18.9469088315964
0,"852b0b4ffffffff",2022,7.44621115922928,31.5436135133107,21.102278470993
0,"851aa45bfffffff",2022,3.63226722242932,31.1514505942663,14.6711381872495
0,"852a0173fffffff",2022,2.53692742188772,35.3792814413706,35.0962876081467
0,"851a9617fffffff",2022,3.7515285147561,32.3590299818251,19.6717233657837
0,"851ba363fffffff",2022,0.46809290897929,31.8946186701457,20.6423818535275
0,"851baa8bfffffff",2022,3.47667473157247,32.5958787918091,23.9595742225647
0,"852a285bfffffff",2022,1.98648030807575,35.224972486496,36.9432931939761
0,"851a9677fffffff",2022,2.83601389990912,33.3464308844672,24.0163725747002
0,"852b0a47fffffff",2022,9.0115665247043,30.9664639631907,9.65465811888377
0,"852a2003fffffff",2022,9.15640735626221,32.8200183709463,29.2659802436829
0,"851ba6cbfffffff",2023,3.53986229168044,31.6106058491601,17.5078761710061
0,"852b24c3fffffff",2023,5.68909573554993,30.8543910344442,21.881772406896
0,"851ab3cbfffffff",2023,5.9233883884218,31.5962368117438,21.1934102376302
0,"852b7223fffffff",2023,1.9135410785675,33.6133618354797,35.0984069373873
0,"852a214bfffffff",2023,8.55421005090078,32.5016276359558,25.437178850174
0,"852b2ea7fffffff",2023,4.8506730136772,29.3791519006093,12.2709843317668
0,"852a1d0bfffffff",2023,2.47839292387168,35.5807989438375,34.6480471491814
0,"852b058ffffffff",2023,3.51538138370961,28.6093540986379,16.7216007510821
0,"852b1d1bfffffff",2023,8.33343505859375,30.3320286009047,15.9755925469928
0,"852b0d77fffffff",2023,9.11004971464475,31.9176878929138,18.4382669528325
0,"852aada7fffffff",2023,12.4118106365204,32.0111440976461,13.7562186559041
0,"852a0c13fffffff",2024,1.85058138767878,34.9520858128866,30.3277702331543
0,"851baa8bfffffff",2024,3.65031282107035,33.1378112792969,23.6060679594676
0,"852a0e03fffffff",2024,1.9556871453921,35.7817442417145,36.2661639054616
0,"851a1697fffffff",2024,4.17180091142654,33.8062431335449,28.3084618727366
0,"851aa283fffffff",2024,4.07537061576214,31.0619506835938,15.5474858813816
0,"851ba4dbfffffff",2024,2.92268135646979,33.8303081989288,90.4269837538401
0,"852b506bfffffff",2024,1.83296000361443,34.3870611826579,37.9573980331421
0,"852b52b3fffffff",2024,1.8377453049024,33.8716287612915,34.6486828009288
0,"851b8b4bfffffff",2024,3.1616504629453,32.0278531710307,17.1030821005503
0,"852a2107fffffff",2024,3.33573413888613,32.6237142880758,18.1648718118668
0,"851a9347fffffff",2024,1.8637501274546,33.4872294267019,29.2914122541745
0,"851b9d83fffffff",2025,-0.229895913600922,31.6998809814453,28.6568824768066
0,"851baed7fffffff",2025,2.31351661682129,32.4345633188883,31.8409795761108
0,"852b7217fffffff",2025,2.28751484553019,34.5240631103516,83.8750406901042
0,"852a269bfffffff",2025,7.70265817642212,31.5370645523071,32.6929545402527
0,"851b815bfffffff",2025,0.255568121373653,31.2823875427246,24.2927349090576
0,"851aa28bfffffff",2025,0.207959236204624,31.0888999938965,19.8675510406494
0,"852b711bfffffff",2025,1.8291879594326,35.5315551757812,104.602195739746
0,"852af18ffffffff",2025,3.67867064476013,36.4614804585775,28.0770301818848
0,"851ba247fffffff",2025,-0.969298352797826,29.3214209874471,11.9276512463888
0,"851a82dbfffffff",2025,3.16956079006195,32.6269569396973,27.848141670227
0,"852b1d5bfffffff",2025,7.842005610466,31.3367867469788,27.733696937561
1,"852a3017fffffff",2013,7.1618854701519,31.9032232761383,19.7257664601008
1,"852af077fffffff",2025,5.75173203150431,30.9615364074707,8.189133644104
1,"851ab50ffffffff",2025,3.61195719242096,31.0682239532471,19.5318465232849
1,"851aa44ffffffff",2025,0.723014034330845,31.4477982521057,24.987030506134
1,"852b000bfffffff",2025,-0.913144320249557,27.4455499649048,10.1219727993011
1,"851aa057fffffff",2025,2.03628647327423,31.4050722122192,19.2266616821289
1,"851b9e07fffffff",2025,3.2814416885376,31.4401683807373,30.060733795166
1,"852b316bfffffff",2025,0.116916425526142,28.000732421875,9.33357803026835
1,"852a310bfffffff",2025,4.7401043176651,32.4240074157715,16.0222179889679
1,"851aa213fffffff",2025,3.13592942555746,31.2382373809814,13.7841943105062
1,"851aa073fffffff",2025,1.19690546095371,31.2762836456299,26.3069564819336
1,"852b257bfffffff",2025,4.89684748649597,31.3127536773682,15.1066632270813
1,"852a13a3fffffff",2025,5.62782692909241,32.1779537200928,13.4281449317932
1,"852a1593fffffff",2025,7.36262106895447,31.5874195098877,12.1311082839966
1,"851b9e6bfffffff",2025,3.43964970111847,31.3776054382324,23.2703647613525
1,"851aa297fffffff",2016,1.36561178209053,31.5214240286085,16.2341523170471
1,"851aa057fffffff",2018,1.17496262180309,31.4896974563599,18.2348103523254
1,"851b9e17fffffff",2025,2.38053530454636,31.4466533660889,18.8451809883118
1,"852b0a03fffffff",2024,6.57826481262843,30.3894415299098,12.147003163894
1,"852a1383fffffff",2024,11.6825769344966,30.0190232594808,11.4571573734283
1,"852a3163fffffff",2024,12.4929195940495,31.3198109865189,8.17005968093872
1,"851aa077fffffff",2024,-0.555009591082732,31.2274292310079,16.9123413562775
1,"851b9ebbfffffff",2024,6.30582602213447,30.9589298168818,11.7877747913202
1,"852b039bfffffff",2019,7.80565818647544,27.043595790863,9.47981262207031
1,"852a3107fffffff",2024,11.67970820268,31.5075635910034,12.7541943391164
1,"851b9e6bfffffff",2024,2.07370220621427,30.8894364039103,15.5644405682882
1,"851aa213fffffff",2024,5.77523114035527,31.1334573957655,11.6012727949354
1,"852b01dbfffffff",2024,6.93560599287351,26.6772464116414,10.478022257487
1,"852b0083fffffff",2008,6.61488683832188,28.2444988886515,10.0583927035332
1,"851b9ebbfffffff",2024,6.30582602213447,30.9589298168818,11.7877747913202
1,"852a316bfffffff",2024,12.3769951462746,30.0862063831753,9.61756963200039
1,"851b9c4bfffffff",2024,3.79851683229208,30.9371852080027,14.5185458262761
1,"851b9e17fffffff",2024,5.56176952769359,30.9532075325648,13.5998115539551
1,"852a1513fffffff",2024,12.5270547171434,28.777873357137,8.69459660847982
1,"852b0047fffffff",2024,8.92294074532886,26.7892747720083,7.01925754547119
1,"852a3003fffffff",2024,9.24422940280702,31.00146484375,10.5924665927887
1,"852a3173fffffff",2024,11.6024658878644,31.2719351450602,9.26363976796468
1,"852a1077fffffff",2023,13.969268043836,29.8523157437642,7.47703504562378
1,"852a3107fffffff",2023,11.6859950621923,31.8318225542704,12.703330039978
1,"852b290ffffffff",2023,8.09730827311675,31.3796718915304,14.556693871816
1,"852b0a7bfffffff",2023,8.0469069754084,30.4952073494593,15.1575269699097
1,"851aa01bfffffff",2022,-0.205084366103013,31.323180437088,14.5280827283859
1,"852b0e8ffffffff",2023,6.70775470303165,29.9320877393087,13.2289265791575
1,"851aa07bfffffff",2023,1.22370070638135,31.0758220354716,18.6512605746587
1,"851b9e0ffffffff",2023,3.3706777865688,30.6647442181905,16.3782675266266
1,"851aa477fffffff",2023,1.32700584906464,31.1173716783524,16.7088846564293
1,"852b001bfffffff",2023,8.17581715931495,27.0782468716304,9.58154078324636
1,"852b0577fffffff",2023,4.9467756855819,27.0850502649943,10.9569928116269
1,"852a1383fffffff",2023,12.7579271793365,30.5926438967387,11.2791327635447
1,"852b060bfffffff",2023,6.96856593588988,26.665293375651,10.4462319215139
1,"851aa073fffffff",2023,0.489327699070175,31.094953250885,20.3075256506602
1,"852a3107fffffff",2023,11.6859950621923,31.8318225542704,12.703330039978
1,"852a310ffffffff",2023,12.6953846083747,31.5486785040961,7.12098598480225
1,"852a3007fffffff",2023,8.19195120864444,31.133753935496,12.5253053506215
1,"852b0c4bfffffff",2022,5.25498214860757,30.3618476390839,12.5761695702871
1,"852b061bfffffff",2016,6.6753644918402,27.737976498074,10.7026722431183
1,"852b0033fffffff",2022,8.2272102634112,26.9783624013265,8.85036849975586
1,"851aa077fffffff",2022,-0.690511769304673,31.3524912993113,15.2910455067952
1,"852b0567fffffff",2022,4.61516159089903,27.1272672017415,12.4617251025306
1,"852a303bfffffff",2021,8.66821804642677,31.5698722600937,14.4613234202067
1,"851b8a6bfffffff",2022,3.35500351302326,31.1082034111023,14.3665889581045
1,"851aa44ffffffff",2022,-0.347758387836317,31.1772324244181,15.4627121686935
1,"852b00abfffffff",2022,8.46830656193197,27.1221491098404,8.73274477322896
1,"852a31c7fffffff",2022,9.40758486588796,32.1990619235569,17.9974439938863
1,"852a3483fffffff",2001,7.19138159354528,31.596003929774,10.4017258087794
1,"852a3497fffffff",2007,6.93837297625012,32.0689344935947,13.7121365865072
1,"852a3473fffffff",2008,7.2714316646258,31.7128004233042,12.2328362464905
1,"852b1883fffffff",2001,6.58903773625692,31.1520861784617,21.1785746018092
1,"852b1817fffffff",2011,7.54686125450664,31.3672629992167,23.5522369543711
1,"852a308bfffffff",2000,6.86912136276563,32.0938051144282,19.4237604935964
1,"852a3403fffffff",2007,6.47433390716712,31.9014748334885,15.6947798331579
1,"852b1817fffffff",2017,7.21457565161917,31.5995427237617,24.4508375525475
1,"852a3417fffffff",2012,7.99247718850772,31.8345249891281,19.6812601884206
1,"852b180bfffffff",2002,8.53566092252731,32.0890684922536,9.71505918105443
1,"852b1873fffffff",2000,7.89719842374325,32.037091255188,13.6474965810776
1,"852b1807fffffff",2008,6.20285656717089,31.7922332551744,26.8435734907786
1,"852a30c7fffffff",2017,8.1725211540858,31.9063390096029,11.7241944471995
1,"852b1803fffffff",2002,8.36544387042522,32.0724102656047,10.6560466090838
1,"852b1803fffffff",2017,8.52485737204552,31.6464544534683,11.0852132737637
1,"852a3487fffffff",2002,6.98925750255585,32.1562089284261,17.202267074585
1,"852b1a23fffffff",2011,7.99156677060657,31.2833797136943,14.8099550141229
1,"852a30c7fffffff",2009,7.91250350077947,31.7912583351135,11.8259228865306
1,"852b1817fffffff",2016,8.24124882949723,31.7514571878645,19.7183489335908
1,"852a3417fffffff",2009,6.37406532963117,31.9417527516683,17.7070942123731
1,"852b1a37fffffff",2008,7.04165776818991,31.4812095165253,12.3218486309052
1,"852b180bfffffff",2008,7.87829222281774,31.6565318902334,9.68962715069453
1,"852b188ffffffff",2018,7.90188301602999,31.510360956192,20.1867232322693
1,"852a346ffffffff",2018,8.1567736003134,31.9046854972839,13.4620542791155
1,"852b1803fffffff",2018,8.61670278509458,31.7636646032333,10.7577749888102
1,"852a346ffffffff",2010,7.24947863817215,31.7239485316806,13.8350581857893
1,"852b188ffffffff",2006,7.78447837630908,31.5413878758748,18.7116618951162
1,"852a309bfffffff",2011,6.68524735669295,31.5796635150909,17.7897485295932
1,"852b1817fffffff",2007,6.50553912586636,32.0057993729909,28.4118857516183
1,"852b1883fffffff",2009,6.69405195116997,31.404372771581,21.1277106205622
1,"852a340bfffffff",2017,7.8185674448808,31.8910794258118,12.3472807407379
1,"852a150bfffffff",2022,12.621906320254,31.6817730267843,7.61691159009933
1,"852b0037fffffff",2022,8.31626336276531,26.9002857208252,8.08740520477295
1,"852b0043fffffff",2015,8.24221018950144,27.8242335319519,7.09555387496948
1,"851b8a4ffffffff",2022,2.49414963126183,31.1612800280253,15.5440949440002
1,"852b000bfffffff",2022,8.79807940456602,27.3123705122206,9.68114994631873
1,"852b005bfffffff",2021,8.22244951625665,27.238024075826,8.23999786376953
1,"852b1c2bfffffff",2021,8.57685072554482,28.4130713144938,10.6433304945628
1,"852b0553fffffff",2021,3.38032166494264,28.6203005048964,17.7473617659675
1,"852a3003fffffff",2021,9.97400830851661,31.6125978893704,10.6263760725657
1,"852b03b3fffffff",2011,6.55729849636555,29.1214612325033,12.1819721857707
1,"852b008bfffffff",2021,7.77101962268353,28.4223963419596,11.4698736667633
1,"852b2c5bfffffff",2021,5.37327191792428,29.3967634439468,14.4899345636368
1,"852b06c3fffffff",2021,7.48344371219476,27.5994772911072,8.03018343448639
1,"851aa07bfffffff",2021,2.46087529634436,31.3444801568985,19.7798096934954
1,"852b06c3fffffff",2021,7.48344371219476,27.5994772911072,8.03018343448639
1,"852b00abfffffff",2020,8.25875118995706,27.1660830577215,8.73274481296539
1,"852b214ffffffff",2021,2.73827332692842,29.0136925379435,15.6280207633972
1,"852a3007fffffff",2021,8.63884397347768,31.6890214284261,13.9028770128886
1,"852b032bfffffff",2007,6.17600021759669,31.3281402058072,17.2683906025357
1,"852b036bfffffff",2003,5.10310680419207,31.0293131669362,17.6848410964012
1,"852b037bfffffff",2006,7.96442159016927,30.935214360555,14.7429838180542
1,"852b0307fffffff",2013,5.4732047667106,30.4768644571304,18.3015696009
1,"852b1c2ffffffff",2012,8.23001806934675,30.6826100349426,14.7061073184013
1,"852b0307fffffff",2007,5.15028843656182,31.1243336200714,21.0100872119268
1,"852b1d0bfffffff",2019,7.04736473825243,30.8254750039842,17.5439049932692
1,"852b1d13fffffff",2002,6.60985135038694,30.7863091627757,15.8569096326828
1,"852b1d13fffffff",2005,6.26807463169098,31.0974074204763,13.0148730278015
1,"852b1caffffffff",2012,8.89349038071103,28.8751724031236,9.77863947550456
1,"852b1d77fffffff",2015,7.56955167651177,31.5397034486135,16.42277354002
1,"852b1c37fffffff",2015,7.02906888723373,29.3245044946671,11.6542563041051
1,"852b1d1bfffffff",2013,7.33472703893979,30.968064043257,17.278987314966
1,"852b0307fffffff",2006,7.17744991679986,30.6896992127101,14.1466012597084
1,"852b1897fffffff",2010,6.88842436671257,31.382119735082,20.5427726904551
1,"852b0317fffffff",2006,8.64235972364744,30.3317361513774,11.502935385704
1,"852b1d1bfffffff",1997,6.59982097480032,30.0078329775069,15.4415187305874
1,"852b0367fffffff",2019,5.20897037453122,30.0782375335693,14.2885972128974
1,"852a3007fffffff",2021,8.63884397347768,31.6890214284261,13.9028770128886
1,"852a3017fffffff",2021,8.31575974822044,31.8256236712138,19.8624639312426
1,"852a3003fffffff",2021,9.97400830851661,31.6125978893704,10.6263760725657
1,"852b00c7fffffff",2020,8.58873258531094,27.3892811934153,6.9429612159729
1,"852b000bfffffff",2020,8.23784095711178,27.1915893024868,9.71294005711873
1,"852b00b7fffffff",2020,6.95041756787234,27.32529841529,11.4020548131731
1,"852a06d3fffffff",2020,11.1710104544957,31.1040197610855,11.4889477491379
1,"852b243bfffffff",2008,1.14381849874432,31.2980029582977,15.9999651710192
1,"852a1327fffffff",2020,13.3542589445909,31.16264073054,10.3381456136703
1,"852b2ad3fffffff",2020,6.96042761123843,27.940585454305,12.4108610153198
1,"852b0573fffffff",2020,8.41430908358759,27.4360126389398,7.53213793701596
1,"852a1327fffffff",2003,11.0608233958483,31.5879606803258,10.2713862856229
1,"852a10affffffff",2008,11.412579814593,30.913787762324,10.5606763760249
1,"852a1393fffffff",2008,11.0136721928914,30.8537044525146,11.2664167086283
1,"852aa9affffffff",1994,14.0186162690322,31.5668838421504,7.92527586221695
1,"852a31c3fffffff",1995,6.25432293017705,31.9356873194377,21.2866612434387
1,"852a1503fffffff",2008,9.86904507213169,31.1588047875298,11.7581039799584
1,"852a10a7fffffff",2002,11.4949492878384,31.9622892803616,12.5507375134362
1,"852aad87fffffff",2004,12.1793877780437,31.5972752571106,10.0075285832087
1,"852aadbbfffffff",2008,13.3896451791128,31.3919427394867,10.3381454944611
1,"852aad07fffffff",2006,13.4588966502084,31.7237786716885,9.39291954040527
1,"852af00bfffffff",2007,17.0820703268051,30.8129621187846,8.14844245910644
1,"852aa9b3fffffff",2008,14.4660847107569,31.8422244389852,8.97244218190511
1,"852a1503fffffff",2008,9.86904507213169,31.1588047875298,11.7581039799584
1,"852a158ffffffff",2008,10.5296030541261,29.9769968589147,11.3013859788577
1,"852a103bfffffff",2006,12.1907101273537,30.9297463099162,9.87400968869527
1,"852a3013fffffff",2001,5.85473801294963,31.6614785512288,15.3838725248973
1,"852a156bfffffff",2000,10.0891079584757,31.6490167299906,13.1204164028168
1,"852a156bfffffff",1997,9.75149997870127,30.923947874705,12.3956018606822
1,"852a1503fffffff",1997,9.49220258659787,30.9805682500203,12.3896675109863
1,"852aad3bfffffff",2004,11.8853419423103,31.7766348520915,10.1092566649119
1,"852a3113fffffff",2003,5.99832152326902,32.2685551643372,21.178574681282
1,"852a10affffffff",2001,11.3415327370167,31.1877549489339,10.4780220588048
1,"852a31cffffffff",2005,5.99992374579112,31.2093403339386,20.1771861513456
1,"852aadabfffffff",2004,12.4460128545761,31.5947954654694,9.87718890110652
1,"852a13bbfffffff",2004,11.0427055954933,31.4980688624912,11.7157171832191
1,"852af16bfffffff",2000,20.0922166506449,34.8369210561117,12.2625071737501
1,"852a13abfffffff",1998,13.3334146738052,30.2863779862722,8.93302245934804
1,"852a10a7fffffff",2001,10.1247902048959,31.2821503215366,11.6055114534166
1,"852af01bfffffff",2000,16.1728061172697,32.1768939230177,11.457157585356
1,"852af17bfffffff",1993,18.6446730295817,33.3819720745087,13.1420337359111
1,"852a06d7fffffff",1994,9.26319164037704,31.5773489316305,12.3523672262828
1,"852a31c7fffffff",2007,7.69195632802116,32.0049725108676,16.6453043354882
1,"852a1a4bfffffff",1993,12.1358378728231,31.3628973960876,10.4271579053667
1,"852a156bfffffff",1999,10.7361614306768,31.1777603149414,12.0904167334239
1,"852aadbbfffffff",1998,13.3465529580911,30.4855749209722,10.2777442534765
1,"852aa927fffffff",1997,15.0600603289074,29.7997985945808,9.75320725970798
1,"852af023fffffff",1996,15.6637369129393,32.7126208411323,12.419338411755
1,"852af03bfffffff",1993,15.8268226881822,31.9782160917918,11.6606143116951
1,"852af00bfffffff",1998,17.5800225973129,29.5985544204712,8.09249186515808
1,"852a3337fffffff",1995,10.5513780196508,31.7272967974345,11.6428118864695
1,"852af143fffffff",2004,18.072969728046,33.0923643642002,10.5076928933462
1,"852a103bfffffff",2004,11.5643483499686,31.0743279457092,9.88036779562632
1,"852a10a7fffffff",2004,9.21387369102902,31.4766634835137,12.1904495557149
1,"852a13bbfffffff",2000,12.1363464858797,31.6114959186978,11.7792974048191
1,"852aadbbfffffff",1999,13.4300820231438,31.0269286632538,10.3508614897728
1,"852a31cffffffff",2003,6.1053651869297,32.082487821579,20.7398711840312
1,"852a1337fffffff",1995,12.5435041917695,31.4795458581712,12.2074043750763
1,"852af00ffffffff",2000,16.7806126409107,32.2839205000136,10.9188450177511
1,"852a1573fffffff",2006,10.1099582513173,31.3737268447876,12.3854289054871
1,"852a1587fffffff",2002,10.7263863285383,30.6741538445155,11.5143796205521
1,"852a150bfffffff",2005,11.6516617536545,30.557420651118,7.57240551710129
1,"852aad97fffffff",2001,12.8545488168796,31.4447778860728,8.92348539829254
1,"852a302bfffffff",1993,7.74236276745796,31.254450639089,10.7704911629359
1,"852a1573fffffff",1998,9.26004830996195,30.7219026883443,11.6987622976303
1,"852a1573fffffff",1998,9.26004830996195,30.7219026883443,11.6987622976303
1,"852a13abfffffff",2001,12.9705801606178,31.1916968822479,8.88851630687714
1,"852a31cffffffff",2002,7.78176219264666,32.2639457384745,21.747617761294
1,"852a3117fffffff",1995,7.45609308878581,32.0671710968018,21.7673279126485
1,"852a3143fffffff",1995,8.33478804429372,31.5569654305776,13.4853669007619
1,"852a158ffffffff",2000,10.7358927925428,30.4123623371124,11.3395341237386
1,"852a3113fffffff",1999,7.28601947426796,32.0753982861837,20.6572169860204
1,"852b1b53fffffff",1995,5.72701193392277,31.7511393229167,23.6136977672577
1,"852a1517fffffff",1996,7.76542861461639,30.8182012240092,12.3828856309255
1,"852a1503fffffff",2008,9.86904507213169,31.1588047875298,11.7581039799584
1,"852aa927fffffff",2008,15.3527329232958,30.6398203637865,9.77863936954074
1,"852af02bfffffff",2007,17.5005035400391,31.8619598812527,8.22728194130791
1,"852a1393fffffff",2008,11.0136721928914,30.8537044525146,11.2664167086283
1,"852af143fffffff",2007,18.6720482243432,33.3028571870592,10.8637421660953
1,"852aadabfffffff",2007,13.7864162921906,31.8801117738088,9.94394812981288
1,"852a1573fffffff",2007,9.01083399852117,31.6993215878805,13.8287002642949
1,"852a1503fffffff",2007,9.27189954121908,31.5780103471544,12.9788442982568
1,"852a1023fffffff",2000,11.0195928712686,31.4849606752396,12.1247499585152
1,"852aad23fffffff",2005,11.8632058302561,30.9354261292352,11.7962519857619
1,"852aad3bfffffff",2003,11.4699242115021,31.949827671051,10.0329603354136
1,"852a1a5bfffffff",2001,12.5202948749065,31.9138408899307,11.0915712714195
1,"852a3143fffffff",2004,7.39332254727681,31.7620747884115,13.6697495381037
1,"852aad23fffffff",2005,11.8632058302561,30.9354261292352,11.7962519857619
1,"852a1a4bfffffff",2004,11.9787287778325,31.8875189357334,10.4864994949765
1,"852a103bfffffff",2003,11.0131229360898,30.9721544583638,9.88036775588989
1,"852a1a5bfffffff",2005,12.3957945853472,30.9382659991582,11.0629601478577
1,"852a3113fffffff",2002,7.81768248478572,32.4194310506185,21.3693157831828
1,"852aad07fffffff",2000,13.0495213866234,31.8502184549967,9.38868081569672
1,"852a157bfffffff",1998,10.8842942317327,30.6925920380486,9.06654087702433
1,"852a06d7fffffff",1999,10.5721550107002,31.6391998608907,12.1921450932821
1,"852a10affffffff",1995,12.1509443720182,31.2697098255157,10.9103676478068
1,"852a1a4bfffffff",2000,13.1679739422268,32.3538590007358,10.6221373611026
1,"852a13affffffff",1998,11.7735984524091,30.5120560328166,11.5588859518369
1,"852aa9a3fffffff",1998,14.7733390728633,30.6438896656036,7.91573894023895
1,"852a13bbfffffff",1999,12.7603484657076,30.9559412532383,11.6521369616191
1,"852a13affffffff",1997,11.4636067152023,30.7642470995585,11.5747810204824
1,"852af143fffffff",1996,17.0772321091758,32.9328627056546,10.8679809040493
1,"852a10affffffff",2000,11.6935636997223,31.4306948979696,10.7895651658376
1,"852a150ffffffff",1999,9.5823084016641,31.2398589054743,12.8908917307854
1,"852af02ffffffff",1998,18.3652353021834,31.2720201280382,8.97328988711039
1,"852a1a5bfffffff",1997,13.1951658924421,31.1054504712423,11.1964786847432
1,"852a10a7fffffff",1996,8.80004269546933,31.0383415222168,11.7920134597354
1,"852a1503fffffff",1995,10.0607826775975,31.2785050074259,12.4278155962626
1,"852af02bfffffff",1996,16.6744285821915,31.9024391704135,8.21456593937344
1,"852af02ffffffff",1993,17.4096195432875,31.9072286817763,9.0453475051456
1,"852a3003fffffff",2007,8.00879955954022,31.8384772406684,10.6009440157149
1,"852a1383fffffff",1996,10.9006317456563,31.2266659736633,11.6224660078684
1,"852a1397fffffff",1995,11.2558519244194,31.4045952161153,12.5125892361005
1,"852aa9b3fffffff",1996,12.645655743281,31.8660034179687,8.95718293984731
1,"852af45bfffffff",1996,14.5421921014786,30.2536340554555,8.63419556617737
1,"852af02ffffffff",1995,17.5408287180795,32.0508351325989,9.03687013520135
1,"852a10affffffff",1994,9.79650261004766,31.1942400932312,10.4271577994029
1,"852a150ffffffff",2007,8.46090580026309,31.7319380839666,14.578946908315
1,"852a156bfffffff",2006,10.2589373191198,31.3731549263,12.2608116785685
1,"852a31cffffffff",2006,7.12019716203213,31.8163406451543,19.8243158857028
1,"852a10affffffff",2004,10.7032378911972,31.3746807575226,10.6560467084249
1,"852a3323fffffff",2006,9.94936982790629,31.4236375490824,11.0629599094391
1,"852a1517fffffff",2006,9.50837733745575,31.1738943735758,12.9245892683665
1,"852a3117fffffff",2006,7.74944916566213,32.0481988271077,20.5567602952321
1,"852a310bfffffff",2006,9.70102540651957,31.7107978264491,12.1565401951472
1,"852a158ffffffff",2002,11.54339731733,30.5454672972361,11.4221884012222
1,"852a157bfffffff",2001,10.9885454045402,31.4054959615072,9.29542975955539
1,"852a1573fffffff",2001,9.69463183482488,31.4282791614532,12.3854289054871
1,"852a30abfffffff",2001,5.35356710354487,31.8292794757419,21.3460025522444
1,"852a3113fffffff",1998,6.83925904830297,31.3456881046295,19.6780813932419
1,"852a064bfffffff",1998,7.63197728991508,30.586540222168,12.8018793861071
1,"852a1393fffffff",1998,11.2637410163879,30.4097870190938,11.4571575323741
1,"852a31cffffffff",1996,6.27800838649273,31.4888708194097,20.930611828963
1,"852a157bfffffff",1995,11.3977375692791,31.400748623742,9.89732254876031
1,"852a311bfffffff",1995,8.86713772018751,31.7670978307724,14.2101816534996
1,"852a102bfffffff",1994,9.23282573620478,31.2970811923345,11.0979292194049
1,"852a1573fffffff",1995,10.2988372842471,31.3952809969584,13.3709225257238
1,"852a3117fffffff",1993,6.74289991060893,31.9254636446635,20.7449577172597
1,"851b9cc7fffffff",2019,4.18491163353125,30.7167523701986,11.7496267954508
1,"852b03b7fffffff",2019,7.18688010362287,27.8426083723704,8.64691150188446
1,"851aa07bfffffff",2020,1.29216897642861,31.5513701836268,19.7321246067683
1,"851aa01bfffffff",2019,-0.050996407556037,31.686160326004,16.3337612946828
1,"851aa077fffffff",2019,-0.594744687279065,31.6969055334727,17.8978348175685
1,"852b0157fffffff",2019,7.87737668057283,24.4195125102997,8.22728190819422
1,"852b316bfffffff",2019,5.6542354726957,28.0000330872006,9.11528579394023
1,"852b1597fffffff",2017,6.67027802175532,27.8107545375824,7.98567700386047
1,"852b23dbfffffff",2004,5.87052522941182,29.9212050437927,12.089780886968
1,"852a3017fffffff",2018,7.11203345656395,31.8531223535538,19.2457358638446
1,"852a1077fffffff",2018,13.122501095136,30.5413980484009,7.47703504562378
1,"852b061bfffffff",2018,5.24797308196624,28.1415413220723,10.6263759930929
1,"852b06d7fffffff",2018,4.1848506278048,28.3114363670349,11.8615278879801
1,"852b06cffffffff",2018,5.9389935079962,28.3139282862345,9.76592350006104
1,"852a1387fffffff",2013,11.3324381113052,32.0108642578125,12.0993178685506
1,"852aad87fffffff",2013,12.9883113503456,32.3879585266113,10.0583927234014
1,"852af17bfffffff",2013,18.5812859733899,33.6807991663615,13.2691942453384
1,"852af00ffffffff",2013,16.2573422855801,32.1021656460232,10.8425487412347
1,"852aa9cffffffff",2013,16.1902216672897,13.1255022684733,7.01925754547119
1,"852aad23fffffff",2013,12.9730623563131,32.8447827233209,12.0632890330421
1,"852a065bfffffff",2013,9.83228045039707,31.7470913992988,12.6567045052846
1,"852a1327fffffff",2013,12.3027893900871,32.2199480136236,10.3826517264048
1,"852a102bfffffff",2013,10.9923246006171,31.8466364542643,11.2791329622269
1,"852a1033fffffff",2013,11.8346812725067,31.5886070463392,10.5543182690938
1,"852a158ffffffff",2013,10.8343151112398,30.6999356746674,11.5588860114415
1,"852a3337fffffff",2013,10.7921934048335,32.1629232088725,11.599577331543
1,"852a3323fffffff",2013,10.3383586406708,32.0228176116943,11.6606142520905
1,"852af15bfffffff",2013,17.4260079562664,32.8616952498754,10.3985467751821
1,"852af17bfffffff",2013,18.5812859733899,33.6807991663615,13.2691942453384
1,"852af02ffffffff",2013,17.3274839984046,32.4056132104662,9.01991544829475
1,"852a1593fffffff",2013,9.62273019552231,31.331954797109,11.965799331665
1,"852a1033fffffff",2012,13.9693899287118,31.026896794637,10.5373635821872
1,"852af14ffffffff",2013,18.0618457694848,33.2209234635035,10.3286085327466
1,"852af6a3fffffff",2013,16.1030458013217,26.7113570372264,7.09555387496948
1,"852af0cbfffffff",2013,15.8816798528035,29.7870828310649,10.5288858413696
1,"852af0dbfffffff",2013,15.7634815971057,29.7807878255844,10.6242564121882
1,"852af6b3fffffff",2013,16.016815662384,28.3219394683838,6.9429612159729
1,"852af45bfffffff",2013,15.3113499482473,31.2874484856923,8.64691162109375
1,"852aa937fffffff",2013,14.3581652839979,32.3828088442485,10.3699355522792
1,"852a1a4bfffffff",2013,13.7106946971681,32.870892683665,10.5882278283437
1,"852aad3bfffffff",2013,12.9945674737295,32.7071948051453,10.0456763108571
1,"852aadabfffffff",2013,13.4047517478466,32.4817078908285,9.90580000480016
1,"852a1387fffffff",2013,11.3324381113052,32.0108642578125,12.0993178685506
1,"852aad97fffffff",2013,13.0240179797014,32.2955134312312,8.97117056449254
1,"852a332ffffffff",2012,11.2302804470062,30.7418540000916,11.9657992045085
1,"852a1e5bfffffff",2012,13.8982085625331,31.8101544062297,11.3757748603821
1,"852a13bbfffffff",2013,12.004587954945,31.9763191541036,11.6012727419535
1,"852a1033fffffff",2013,11.8346812725067,31.5886070463392,10.5543182690938
1,"852a10a7fffffff",2013,10.1618803209729,31.8063481118944,12.2201203770108
1,"852a158ffffffff",2012,12.1158635020256,29.7652426163356,11.2187317013741
1,"852a1597fffffff",2012,11.0658741394679,30.3100297451019,11.7941325902939
1,"852a103bfffffff",2012,14.0637837052345,30.9284112453461,9.88036771615346
1,"852a102bfffffff",2012,12.7541886766752,31.2197676499685,11.231447716554
1,"852a1383fffffff",2011,11.990142484506,31.3702301979065,11.7241943677266
1,"852a10affffffff",2012,13.3933530847232,31.2115977605184,10.5225282112757
1,"852a159bfffffff",2012,11.2682170073191,29.4165791935391,10.6941949526469
1,"852a1593fffffff",2012,10.7774895429611,30.2266126473745,11.959441224734
1,"852a1593fffffff",2012,10.7774895429611,30.2266126473745,11.959441224734
1,"852a103bfffffff",2011,12.3661610782146,30.8121865590413,9.88036771615346
1,"852af6b7fffffff",2012,17.4236883322398,28.8824311892192,10.6242564519246
1,"852aa9a3fffffff",2012,16.2880642612775,32.0703121026357,7.91573894023895
1,"852a332ffffffff",2010,8.68294936815898,31.2020731290181,12.6117744286855
1,"852aad97fffffff",2012,14.9634235799313,31.7533963521322,8.97752857208252
1,"852a1e5bfffffff",2012,13.8982085625331,31.8101544062297,11.3757748603821
1,"852a1337fffffff",2012,13.6285794840919,31.6009839375814,11.681807703442
1,"852a103bfffffff",2012,14.0637837052345,30.9284112453461,9.88036771615346
1,"852a065bfffffff",2011,8.45107372601827,30.8787127070957,11.4825895097521
1,"852a332ffffffff",2011,9.03901489575704,30.853094069163,11.2358981927236
1,"852a158bfffffff",2011,10.4020203451316,29.1595455805461,10.8308923641841
1,"852a1593fffffff",2011,8.61659603317579,30.2859330177307,11.1392563184102
1,"852a13affffffff",2011,12.0301675647497,31.6076387564341,11.778237760067
1,"852a1033fffffff",2011,12.2617980572912,30.8673528565301,10.5627956125471
1,"852a156bfffffff",2011,9.76159547964732,31.1658578872681,12.5685399691264
1,"852a1573fffffff",2011,9.62550737460454,31.1280531088511,13.1356756687164
1,"852a1517fffffff",2011,8.84199961821238,30.9038312594096,12.8076016267141
1,"852a159bfffffff",2011,9.17747532659107,29.4707919756571,10.3890097406175
1,"852aa9a3fffffff",2011,15.0672628084819,32.3378575642904,7.92209696769714
1,"852aa9a3fffffff",2011,15.0672628084819,32.3378575642904,7.92209696769714
1,"852aadbbfffffff",2011,13.856975009044,31.9629884958267,10.3286084532738
1,"852a13a3fffffff",2011,11.5287941098213,31.616158803304,12.7160459756851
1,"852a1033fffffff",2011,12.2617980572912,30.8673528565301,10.5627956125471
1,"852a3337fffffff",2010,9.47509991327922,31.4620652834574,11.7292809168498
1,"852a332ffffffff",2009,9.22581258614858,30.7957701365153,12.133651081721
1,"852a103bfffffff",2010,11.720297853152,30.86101603508,9.8930838505427
1,"852af45bfffffff",2009,15.4929350217183,30.191516160965,8.64691162109375
1,"852a10affffffff",2010,10.9647815525532,31.0973440806071,10.7704910437266
1,"852a10a7fffffff",2010,9.38949751191669,31.1703764067756,12.4320544136895
1,"852a332ffffffff",2010,8.68294936815898,31.2020731290181,12.6117744286855
1,"852a1587fffffff",2010,9.12558375795682,30.2776675621669,11.8100276589394
1,"852a1597fffffff",2010,8.51908935109774,30.7575392723083,12.1819720864296
1,"852af01bfffffff",2010,14.9724722041024,31.9358398119609,11.7326718966166
1,"852a158ffffffff",2009,10.2283089558283,29.7735398610433,11.2250898083051
1,"852aa927fffffff",2010,14.2445652948485,31.2910939322578,9.96514140235053
1,"852a1a5bfffffff",2010,12.6153905540705,32.1239101092021,11.2282687822978
1,"852aad07fffffff",2010,13.2611570689413,31.6935143470764,9.38020345899794
1,"852a1327fffffff",2010,11.7904447217782,31.6027114391327,10.5352442463239
1,"852a1503fffffff",2009,9.75197610590193,31.0336364110311,12.1056758562724
1,"852a1593fffffff",2009,8.76802879571915,30.2603104114532,12.1120338042577
1,"852a1033fffffff",2009,12.0744957526525,30.8086472617255,10.5839890374078
1,"852a10affffffff",2009,11.5675832331181,30.9851882457733,10.7005528211594
1,"852af45bfffffff",2008,15.879512945811,29.9334440231323,8.64691162109375
1,"852a157bfffffff",2009,11.0943632589446,31.1305327415466,9.49040910932753
1,"852a157bfffffff",2009,11.0943632589446,31.1305327415466,9.49040910932753
1,"852aadabfffffff",2009,13.1325876861811,31.3519824743271,9.91533704598745
1,"852a1a4bfffffff",2008,13.7877844439613,31.894343217214,10.5755117469364
1,"852a1a4bfffffff",2008,13.7877844439613,31.894343217214,10.5755117469364
1,"852a1593fffffff",2009,8.76802879571915,30.2603104114532,12.1120338042577
1,"852af0cffffffff",2009,16.8644825220108,30.5638738075892,8.75499790906906
1,"852af6b3fffffff",2009,16.583819270134,27.4660863876343,6.9429612159729
1,"852af45bfffffff",2009,15.4929350217183,30.191516160965,8.64691162109375
1,"852aa937fffffff",2009,13.9138157765071,31.2053665320079,10.3635774453481
1,"852a1a4bfffffff",2009,12.8738976120949,31.7334428363376,10.630614651574
1,"852aa937fffffff",2009,13.9138157765071,31.2053665320079,10.3635774453481
1,"852aad23fffffff",2009,12.4252144429419,31.6948284043206,11.897980398602
1,"852a3323fffffff",2007,9.39246809482574,31.8049914042155,11.5970339775085
1,"852a1e5bfffffff",2009,11.9640064915021,31.339635403951,11.2409847736359
1,"852aad87fffffff",2009,12.8029418587685,31.2784204483032,10.0266026258469
1,"852a1323fffffff",2009,13.3951841990153,30.9889395236969,7.29901051521301
1,"852a13affffffff",2009,11.5243385086457,31.1666145324707,11.670151412487
1,"852a3337fffffff",2007,10.0572832663854,31.9206568717957,11.660614267985
1,"852a158ffffffff",2007,10.272850677371,30.4672955274582,11.3903984030088
1,"852a10a7fffffff",2009,10.3748385243946,31.0634767214457,11.8428775999281
1,"852a157bfffffff",2009,11.0943632589446,31.1305327415466,9.49040910932753
1,"852a1503fffffff",2009,9.75197610590193,31.0336364110311,12.1056758562724
1,"852a332ffffffff",2008,9.44687650203705,31.0594755490621,11.6428117116292
1,"852a1583fffffff",2008,9.64650413725111,29.6945097181532,11.4995442761315
1,"852a1593fffffff",2008,9.09341722726822,30.5227692921956,11.5843178828557
1,"852a158bfffffff",2008,10.4097262819608,29.2779320478439,10.9103676080704
1,"852a1387fffffff",2008,11.1437726815542,30.8900722662608,11.6860462824504
1,"852a1387fffffff",2008,11.1437726815542,30.8900722662608,11.6860462824504
1,"852a13affffffff",2008,11.5280465185642,31.0014965931575,11.5525278647741
1,"852a1393fffffff",2008,11.0136721928914,30.8537044525146,11.2664167086283
1,"852a1503fffffff",2008,9.86904507213169,31.1588047875298,11.7581039799584
1,"852a150ffffffff",2008,9.24433122078578,31.282012462616,12.6461079319318
1,"852a157bfffffff",2008,10.9805699586868,31.1352800263299,9.25304290983412
1,"852a10a7fffffff",2008,10.3795993857914,31.0052795410156,11.3511904610528
1,"852a3323fffffff",2008,9.71395015716553,31.2220883369446,11.3554290135702
1,"852a158ffffffff",2008,10.5296030541261,29.9769968589147,11.3013859788577
1,"852a1517fffffff",2008,9.30879847208659,31.1004466374715,12.7313053766886
1,"852a332ffffffff",2008,9.44687650203705,31.0594755490621,11.6428117116292
1,"852a1593fffffff",2008,9.09341722726822,30.5227692921956,11.5843178828557
1,"852af45bfffffff",2008,15.879512945811,29.9334440231323,8.64691162109375
1,"852aa9affffffff",2008,15.159642358621,31.5692678689957,7.92209684848785
1,"852a1337fffffff",2008,11.7037160926395,31.1010737948947,11.7114785777198
1,"852aadabfffffff",2008,13.4461348255475,31.5102657079697,9.9344111084938
1,"852aad97fffffff",2008,13.080172141393,31.2521299918493,8.97117056449254
1,"852a13affffffff",2008,11.5280465185642,31.0014965931575,11.5525278647741
1,"852a1397fffffff",2008,10.547441025575,30.9342605670293,11.3522500395775
1,"852a1023fffffff",2008,10.7149113416672,30.958643635114,11.307743926843
1,"852a157bfffffff",2008,10.9805699586868,31.1352800263299,9.25304290983412
1,"852a10affffffff",2008,11.412579814593,30.913787762324,10.5606763760249
1,"852a150ffffffff",2008,9.24433122078578,31.282012462616,12.6461079319318
1,"852a065bfffffff",2007,8.52336190806495,31.6491354306539,12.7372393873003
1,"852a06d3fffffff",2007,10.9803003321091,31.9840337435404,11.9912316103776
1,"852a332ffffffff",2007,9.07551508744558,31.7042297681173,12.2913301626841
1,"852a1387fffffff",2007,11.3442487716675,31.6336429913839,12.0802437067032
1,"852a1337fffffff",2007,12.0134586824311,31.6846556133694,11.6606143050724
1,"852a1517fffffff",2007,8.73133947054545,31.4739676793416,13.7918235937754
1,"852a103bfffffff",2007,12.2572405040264,31.2564850648244,9.87400968869527
1,"852a102bfffffff",2007,10.9204077323278,31.5364606380463,11.368145207564
1,"852a150bfffffff",2007,11.6780909001827,31.6626991430918,7.69956598679225
1,"852b0507fffffff",1993,4.02156129510452,27.9916086594264,13.0720954140027
1,"852b053bfffffff",1993,3.77220985293388,27.3320908943812,11.6828673084577
1,"852b033bfffffff",1993,4.42452776183685,30.6194111506144,16.1175885796547
1,"852b1d9bfffffff",1993,4.93438521623611,30.4734691301982,14.7785888195038
1,"852b1d8bfffffff",1993,4.90628788206312,30.5090147654216,14.3945642047458
1,"852af6affffffff",2007,16.625049551328,27.1081931326124,8.95633543862237
