"occ","h3_id","btemp_global","sal_global","ml_global"
0,"851a9657fffffff",3.58246472658533,32.2683865939728,19.0881339558447
0,"852aabb3fffffff",15.9812310663137,12.8624072773288,10.3762941360474
0,"851b8857fffffff",2.60908232695527,32.7157442266291,25.4697780806609
0,"852af183fffffff",3.67166555690444,35.8173306461938,22.878607562094
0,"851aac2bfffffff",0.252978117068797,32.3982318940789,25.8906406982981
0,"852a301bfffffff",8.24123125786733,31.642866031088,11.5490597907943
0,"851b8c0bfffffff",3.30115790198548,33.0172560134721,25.704395577161
0,"851a80dbfffffff",0.207573419037943,32.086938804087,24.1968633319392
0,"852a1daffffffff",2.08257616649974,35.5723688096711,32.8622130366287
0,"852b04c3fffffff",0.736489642762676,28.7584250575364,15.1080756934002
0,"852a036bfffffff",2.79269564166816,35.0259643275328,39.8061377273666
0,"852a1e13fffffff",9.3390463160144,32.486273174334,19.1224287248621
0,"851a8893fffffff",4.82257526280101,32.209530265243,22.229575376318
0,"851aa4b3fffffff",2.111887717755,32.130958726671,18.4347218325644
0,"852b2307fffffff",1.33345265139948,29.2358149121506,14.8278731228125
0,"851a822ffffffff",2.67622498761524,33.0307337346703,23.5723706441696
0,"851ab31bfffffff",2.79110775323528,31.9534188364491,20.568301006399
0,"852a1adbfffffff",10.8040591544575,32.2398496974598,14.6943545991724
0,"852b145bfffffff",1.85838026233544,20.9846118520005,10.5485379262404
0,"851ab217fffffff",5.40599236223433,31.7185373113613,23.6071470549612
0,"850e4dbbfffffff",4.06705103702655,26.1971482484028,7.55352427983525
0,"851aa0cffffffff",2.60269249120558,31.4760931645981,16.2049632409606
0,"851a8e7bfffffff",4.42455533156893,32.7723848875926,18.3921551937206
0,"851a92d7fffffff",2.1225296121053,33.2441013480678,26.1162926996597
0,"851a8553fffffff",0.359021612805211,32.092818503428,24.4157719991424
0,"852b1dd7fffffff",6.72089529865318,30.6939632659809,17.8571820921368
0,"852b6297fffffff",1.82265140938036,35.4938965864856,53.8681774447663
0,"852b2e53fffffff",4.04908518301894,28.1531528575653,14.4183265793604
0,"852a1d03fffffff",2.37550623090279,35.3061063024733,34.0512597103312
0,"852af407fffffff",11.8703213192598,32.9695657443519,17.0771683177563
0,"851ba24bfffffff",0.614901436718576,28.594463850914,11.7482135817659
0,"851ba36bfffffff",-0.295461075562319,31.5533148744692,15.6783710826527
0,"852b701bfffffff",1.97947696579827,33.6775620007756,30.5349261466903
0,"852b2d07fffffff",3.22690272861057,31.2267477199285,21.4128198797053
0,"851b8c97fffffff",3.25691191892231,33.0814631362555,24.9457357443543
0,"852a3417fffffff",6.59834545113222,31.7396216500889,17.8791461544808
0,"851aaa4ffffffff",1.63344728529002,32.3181883482018,23.3032142820984
0,"851b8807fffffff",2.2868978633122,32.8628835967093,26.266573268717
0,"852a0567fffffff",3.19279869497826,34.8492220483645,36.3888286685301
0,"851ab6b3fffffff",2.9382627314728,31.6942959062981,21.7566925549748
0,"851b9373fffffff",3.52679850550538,31.0654336354548,21.6863176493532
0,"851aac1bfffffff",0.0190088888818417,32.3278639461055,26.8014756964915
0,"852b3463fffffff",1.1704505214637,28.9803033886534,13.200411825469
0,"852b6613fffffff",1.84155513072255,34.924953747759,47.9216917842326
0,"852a26a3fffffff",8.49950237876237,32.117805690958,22.6868135529335
0,"852b3537fffffff",5.69515875734464,30.292561528177,19.7873238019269
0,"852b746ffffffff",2.08750213524609,33.2581563814722,24.7384898758898
0,"852a2077fffffff",8.96902881336935,32.5060957790625,24.5855119119991
0,"852a31cffffffff",7.04193984423623,31.8037162898767,21.1506380559218
0,"852b2e27fffffff",2.61215230591144,29.7855835502798,15.2826644097916
0,"852a24affffffff",9.27876670703743,31.6999996262367,19.9877942150289
0,"851aa30ffffffff",-0.466327799679806,31.9375268550834,20.982555115825
0,"851b8e1bfffffff",1.47188229817483,32.1639243015135,19.2552728701119
0,"851b83cbfffffff",1.03778378111357,30.9322626084992,13.7506699188791
0,"851b9133fffffff",0.881564464639584,31.0074253427461,18.9986077976548
0,"851ba283fffffff",-0.198339157195304,31.4192042920726,18.5547022269631
0,"852b0a53fffffff",9.48806678394627,31.3481929278133,7.01925754547119
0,"852b0817fffffff",9.10850718406716,30.9950008440499,17.8662374838434
0,"851ab107fffffff",0.486213329818213,31.8408271038171,21.3896226950366
0,"851a862ffffffff",4.37931965402506,32.2528932636434,24.5578642060058
0,"852b445bfffffff",1.82164106299781,35.6017563872867,50.8994430243367
0,"851a9cc7fffffff",2.02216246535983,33.4387339449892,27.0290158475288
0,"852b0a8ffffffff",5.14347801121698,31.083951523007,16.5476220665556
0,"850e49b3fffffff",3.56262076023326,24.2245784040653,10.5453589125113
0,"852b1b13fffffff",7.9877916878522,32.038504601729,26.8367337253359
0,"852b1b83fffffff",8.22680062206105,32.0092451247302,26.1384108849246
0,"852b29b3fffffff",5.38451177819886,31.6334546195136,17.6659790183559
0,"852b09d7fffffff",8.79096716762793,31.7743277838736,17.4931371446812
0,"852b3263fffffff",1.50535694368635,21.9673387137326,10.5943927909389
0,"851aa0cbfffffff",-0.381969181660826,31.4849578033794,19.5722107477862
0,"851a959bfffffff",6.2351895172544,32.1151110788788,20.4393102273797
0,"851ab2d7fffffff",5.52046513738054,31.5189950217302,22.0940659704433
0,"852b0c8ffffffff",8.23845038600642,30.6143431519017,14.9959754052788
0,"852a1acffffffff",10.5434898028169,32.4632378696191,15.831959066969
0,"852b168bfffffff",3.43662222572649,21.5840547470131,10.5382109483083
0,"851aaec3fffffff",0.0478576665041774,32.1341561950016,25.7106893925554
0,"852ae677fffffff",2.18140234559875,36.2675133072567,38.4671958231364
0,"851a84d7fffffff",-0.226439460119552,31.7507857565928,20.7951668217929
0,"852af467fffffff",13.0752614260924,32.4904858475984,14.4532314514873
0,"852b0d4ffffffff",8.03548933475306,31.3306977231093,19.3331104836079
0,"851aa267fffffff",1.40881256249291,31.6049096174914,18.3315291898419
0,"852a19d7fffffff",2.19724114246742,35.4359082838502,31.8765268289682
0,"851aa107fffffff",-0.160086825195236,32.1940243942569,24.4110837496491
0,"850f693bfffffff",1.4717144477376,34.4115593237278,164.925963832186
0,"851ab56ffffffff",0.515170492989133,31.6174811642579,17.7305995948387
0,"851baa7bfffffff",2.5021062536347,32.8090044215873,23.2986224086999
0,"852b03b3fffffff",6.30203892538004,29.0171336381122,11.6523295436243
0,"851b8b13fffffff",2.82992529565537,32.7597420480516,21.9697313324771
0,"852a1c7bfffffff",6.97113690863956,34.0209226536028,27.2501016445834
0,"852b52a7fffffff",1.84058612231353,35.3496694612985,49.6973912733974
0,"852b762ffffffff",2.76015536090742,32.9470788798348,23.1035146119217
0,"852b3637fffffff",1.60632850860656,27.5058110675426,11.4978101803397
0,"851aa557fffffff",0.625361579987738,32.0465067532729,18.2915828244052
0,"851a86bbfffffff",-0.261506613969539,31.9854758267451,20.6269682200268
0,"852b190ffffffff",8.53364975424327,31.9335458439207,22.0243846302482
0,"851a814bfffffff",3.43569372339231,32.2164197998817,26.1633035308183
0,"852b361bfffffff",4.02169034481425,29.6945424706045,6.60463721523381
0,"852a0027fffffff",3.07272100087368,34.8631018243655,36.5171450990619
0,"852b2d13fffffff",3.17699534694354,31.1529505349169,20.8626003662745
0,"852b320bfffffff",5.22705069563606,23.2450292519849,10.570502019651
0,"852b6243fffffff",1.82124940749973,35.3847041033735,50.9971251927241
0,"852b621bfffffff",1.8214602625932,35.4424782441521,52.2227467061695
0,"852a11cbfffffff",9.14530511140221,31.60581515895,14.9684238951616
0,"851aabd7fffffff",1.16812988034503,32.3547411093407,22.3399095808215
0,"851a927bfffffff",1.87340215039173,34.2563653714729,38.8679439315089
0,"852b2037fffffff",5.54461002891714,30.7106203830603,18.0139362985438
0,"852b3633fffffff",3.07028044382054,27.7702483231772,11.8415930194887
0,"852a34affffffff",7.6199770548729,32.0709536280295,29.5855191211508
0,"851a95bbfffffff",3.76177752270843,32.5181615280383,22.0642667977497
0,"852b7203fffffff",2.76767786223479,33.1250002299896,24.1420879966081
0,"851bae8bfffffff",2.64718292613109,32.8905297337156,23.3319217075001
0,"851a81cffffffff",2.44847182989252,32.2087830642257,26.7463727972724
0,"852af613fffffff",16.5591582899744,18.6750311682923,7.01925754547119
0,"851a8e8ffffffff",3.73661002012515,32.1874682505926,25.8969987070922
0,"852b0847fffffff",7.80455639362586,30.9378467513255,18.3411625495262
0,"852b44dbfffffff",1.8209104673429,35.5383438124801,51.6936178905795
0,"852b286ffffffff",3.35917142413632,30.7736010117964,15.9321461103179
0,"852ae443fffffff",2.06832787595213,36.2920707452177,43.7107024297168
0,"852af327fffffff",20.3390083951179,35.2052421244708,10.2192697272156
0,"851b8b9bfffffff",2.91430897082544,32.8540950736614,23.6653326721705
0,"851aa19bfffffff",-0.0154144170797533,32.1278344404818,22.9197098837958
0,"852a0633fffffff",8.68448902109657,32.3953139384588,23.342325710287
0,"852b2c23fffffff",2.87805101117778,30.7365102382621,16.4732138836023
0,"852a1c87fffffff",3.32029084620452,34.7011251654288,39.3209048551742
0,"851ab133fffffff",-0.268296521274618,31.9060438329523,22.3864066365993
0,"852b7303fffffff",1.84285743775392,34.8292951872855,43.3633552994391
0,"851a859bfffffff",0.782979200580016,32.0276593981367,24.3165483053284
0,"852a1857fffffff",3.75731591233099,34.486019758263,32.1153379510147
0,"852b32bbfffffff",4.91764813501024,23.4776388595401,10.6249626911048
0,"851a865bfffffff",4.16839467790542,31.9771015090172,20.7961301327956
0,"852b50cffffffff",1.87839300561734,34.7966100940801,40.5861514903078
0,"852af443fffffff",14.3192208442423,30.3132377658227,11.2934865325388
0,"852a0183fffffff",2.78362810089933,35.1015392586037,38.7631328876572
0,"852b52b7fffffff",1.84336191784553,35.2681759415251,48.0653059596967
0,"852a1573fffffff",9.64339678546395,31.3338680459995,13.1497403383255
0,"852af5cbfffffff",7.88639855836377,34.0560844534575,24.6364724846801
0,"852af50bfffffff",3.61188272589987,34.6977881217244,26.6403093620984
0,"850e4d33fffffff",1.7800535817085,25.2974398599731,10.5690570088348
0,"852a1113fffffff",8.60420823593934,32.2168856907373,20.3758262666789
0,"851ab697fffffff",6.27331869635317,31.6580337538864,22.9462979562355
0,"852ae663fffffff",2.28792180768167,36.2001590752842,37.2783417954589
0,"851ab37bfffffff",5.76765011913247,32.0953029237612,22.0677347719067
0,"852b180ffffffff",6.88098091107828,31.5783609798059,19.3376381140365
0,"851b8a9bfffffff",2.59191606640314,32.2395754743505,20.7696062960609
0,"851aa527fffffff",0.420458610146071,32.2526264190674,22.6658706038889
0,"852a34a3fffffff",7.25353669804154,32.0033149382081,28.3719073461764
0,"851b802ffffffff",-0.64624421424938,31.0947944718178,17.187393283844
0,"851a8303fffffff",4.71527305383875,32.6126810574772,20.234543344228
0,"851b917bfffffff",1.73625289568182,30.9681706444583,20.0112674986875
0,"852a216bfffffff",10.7922068671747,33.3240081902706,22.3781219154897
0,"852b0c67fffffff",8.94090968611265,30.9567776111641,16.8826706024131
0,"852b2d0bfffffff",3.30908334116743,31.0514628025016,21.0169269446171
0,"852b16c7fffffff",2.33761444636668,22.0394386753891,10.5335098613392
0,"851a82a3fffffff",4.08621887474349,32.5790282538443,22.2040662611374
0,"852b2047fffffff",4.3573121124775,30.521287713388,18.971859180566
0,"852b564bfffffff",3.1134696851174,33.4250381137386,27.5099136106896
0,"851a9cd7fffffff",2.18326089516132,33.3318054158278,25.7520165136366
0,"851a82bbfffffff",3.80832189201105,32.5941521021654,22.3748465876788
0,"851aa58ffffffff",2.15219490090855,32.2670485467622,20.5459515711274
0,"851aa407fffffff",-0.270863959298591,31.7334374341098,17.4331597824289
0,"852b542bfffffff",1.87710290424752,34.6963258006356,40.1588153303272
0,"851ab3dbfffffff",5.80861178130815,31.9417231473056,22.8455714996415
0,"851ba2a7fffffff",2.22753523528162,32.1819223771593,18.1019981505494
0,"852a24abfffffff",8.68422452623796,31.6842162777679,20.3449031909307
0,"851a9003fffffff",2.47338602880035,33.0662115511268,24.896188082117
0,"851a16d3fffffff",3.56896861379195,33.2442043959492,25.3251619483485
0,"851a126bfffffff",-0.0153814942096219,32.3244391210151,23.5474201616615
0,"852a21dbfffffff",8.77299963073297,32.457823924344,26.7162203355269
0,"851a864bfffffff",4.90340892564167,32.1276749131655,21.5756623311476
0,"852b2e2ffffffff",6.27313912686224,29.8539830024796,10.9273223587961
0,"852a2c53fffffff",2.09125405670416,34.9064680855684,39.5946852263778
0,"851bab43fffffff",3.34925260337114,33.1675153798126,24.9134960531787
0,"852b0e33fffffff",3.76532100716775,30.788592467003,16.8090074110513
0,"851a9437fffffff",5.33667096718393,32.2426749402826,20.5024280456581
0,"852b318bfffffff",1.72726164755571,28.7211627102862,15.0114850660767
0,"852a046bfffffff",8.32094505122214,32.3315693845653,22.2731952330079
0,"851b885bfffffff",3.15489809511085,32.5744544689101,24.0039776230501
0,"852b74c3fffffff",3.48858914110396,32.3218211491903,18.8531182717795
0,"852b734ffffffff",1.85483872785111,34.4678290468274,37.9902476301097
0,"852b2027fffffff",3.7317743154713,30.3166880896597,16.6174061654794
0,"852a2a03fffffff",2.01733684366701,35.3257218852188,38.1413953039381
0,"851b85cbfffffff",0.439246265906276,30.6836176303902,12.8915276072242
0,"851aa147fffffff",-0.408057051787924,32.0353055356729,22.0423026422057
0,"852b245bfffffff",5.71756199794988,31.0166451288795,22.3947555448872
0,"851aa03bfffffff",-0.410425842085834,31.644919845793,15.6277317085651
0,"851aa36bfffffff",-0.457493090136635,31.8806252945152,18.5046729463519
0,"852a116ffffffff",9.38312567424293,32.212556513873,17.6034392130495
0,"851aa2dbfffffff",2.01581101203431,31.6525572314407,17.4819431666172
0,"852a2017fffffff",8.15890927005697,32.4647464431095,29.5021261791589
0,"851a810bfffffff",2.49649824886442,32.2218044743393,26.7198810830261
0,"851a8403fffffff",-0.428906650338886,31.8916805055406,21.300918672422
0,"852b2367fffffff",1.13456676095122,28.9998620158494,16.2543822749697
0,"852b0da3fffffff",7.77760670783143,31.8060270608074,19.4895885135188
0,"852b308bfffffff",5.29697408740368,27.9860408948327,12.8118659265916
0,"851a92a7fffffff",1.9787152068633,33.7727700050431,32.6254248607038
0,"852aad0bfffffff",13.9773389254054,30.9336613677568,7.37530676523844
0,"852a2ad3fffffff",2.67004591828645,35.0276019067475,37.9009463955658
0,"852a190ffffffff",2.22299969181268,35.7391117943658,32.2203417372222
0,"851aae43fffffff",0.283097111620009,32.1418243779076,24.9965677712903
0,"852af54ffffffff",13.6875949778942,33.8453448709815,19.4439905930047
0,"852af5bbfffffff",2.79978657280556,35.5068166689439,28.5766164829033
0,"852b1d0ffffffff",8.15942824391102,31.3954253076303,13.4714949371839
0,"851a91a7fffffff",2.22593039650508,33.3770225312975,27.4051988630584
0,"851b9cdbfffffff",2.21273252434765,31.0114154751453,18.3245931775482
0,"852aa827fffffff",14.749165605415,11.3164473043548,7.44919459205685
0,"851a8caffffffff",2.934552300458,32.3423949508153,19.8126274993524
0,"852a0007fffffff",6.09352629669387,34.1827082609889,27.6770524918431
0,"851a8e47fffffff",6.3465788468267,32.481543185735,19.2196294617171
0,"851a8597fffffff",-0.0797146354623214,32.0847897336941,23.2490426546797
0,"851ba683fffffff",3.29159050397199,32.7017465658862,21.6951160941461
0,"851ba173fffffff",3.24349641852608,33.046013625784,24.9956365715374
0,"852b5013fffffff",1.84801321709999,35.0620690427645,43.1359114105051
0,"852b2b03fffffff",6.78244975058719,31.1815577865851,19.6677737254085
0,"851a8417fffffff",-0.460433656998882,31.8295384874248,19.3086417359535
0,"851a840ffffffff",-0.297047268698048,31.9488506413469,22.7410109049142
0,"851a95b7fffffff",3.46915412641535,32.5298131222677,22.3002843068104
0,"852a2283fffffff",8.58587077320224,32.4556525813209,31.1204037395391
0,"852a2243fffffff",7.49435501929485,32.3828445492369,33.6097623350644
0,"852a0e13fffffff",1.98569793602834,35.4890408403544,33.8438212389898
0,"852a0c87fffffff",1.83924423135591,35.6531552377373,34.9156619605392
0,"852af46ffffffff",13.9436400897575,32.0609634447579,13.0020415387972
0,"852a11c3fffffff",8.871145781393,31.6928844042499,15.5649220720686
0,"852b72d3fffffff",4.2157748146892,32.2244594032917,17.9840857019328
0,"851b8b6bfffffff",2.57997839225061,32.3434431403574,19.9937091148261
0,"851aa163fffffff",-0.320013680109623,32.1198551678898,23.762115870662
0,"851b99d3fffffff",0.0164106546891759,31.2205977632542,17.6513363096449
0,"852b0d13fffffff",7.17421261240738,31.4156811694906,20.4293685609644
0,"852a065bfffffff",9.00664934867159,31.1243532338126,12.4425868225419
0,"851a85abfffffff",1.0175771983585,32.2073597763524,26.1176798883111
0,"852b0bcffffffff",5.73058770250792,31.3078059295211,19.2827279814566
0,"852a285bfffffff",1.96048779469548,35.2669043613203,41.177255028426
0,"851a909bfffffff",3.25959369404749,32.61552793209,22.3759062380502
0,"852a187bfffffff",3.70584875269972,34.6076959070533,33.531539556956
0,"852b2867fffffff",3.65269567994307,30.8604555033674,17.7722158118932
0,"852b44c7fffffff",1.82039488907214,35.6902536302303,52.7605455893057
0,"852b713bfffffff",1.82077960940925,35.4013072023488,50.1588295174368
0,"852a1ad7fffffff",10.0647870994578,32.6820289775579,17.8825178453417
0,"851aacdbfffffff",-0.0485489182597534,32.2989031521961,25.2427966973998
0,"852a25d3fffffff",9.89912338539808,31.7746331667659,17.9369464444392
0,"851ab3b7fffffff",0.582818466276307,31.8350767740096,21.9945211964424
0,"851b8ebbfffffff",2.20075613746438,32.4491558248346,20.4655129692771
0,"852af423fffffff",12.3630528179082,33.1267649982915,16.8579128047433
0,"851b99c7fffffff",5.66531739222758,30.0338238690437,10.0884486575319
0,"852a224ffffffff",7.54622307811121,32.3724375927087,32.5234074646776
0,"851a81affffffff",2.19049562759045,32.2784819875903,25.5068473101465
0,"851ba3cffffffff",2.06335983223122,32.2633647348744,19.8094163779859
0,"852a1e4ffffffff",10.5008972192854,32.0867568860552,13.9864304856419
0,"852b7183fffffff",1.82327241510755,35.1937033407616,48.7664225318215
0,"851a846bfffffff",-0.364832113664409,31.9972591217118,23.4119364555436
0,"851ba37bfffffff",-0.134016620500095,31.8298439144687,19.9913585796099
0,"851baecbfffffff",1.3427318200839,32.4863303759283,23.3677899492309
0,"852a2607fffffff",8.70705221979706,32.2338924367821,24.6180726835623
0,"851a850ffffffff",0.948985555839508,32.2060616197008,25.2282502771628
0,"852a1183fffffff",8.67640701106903,32.2164277966175,21.4181888239954
0,"852b348bfffffff",3.17444258333758,31.0080502282088,10.4568287619838
0,"851aa62ffffffff",-0.369241577638972,31.4914526216912,16.2264455400332
0,"851ab387fffffff",3.04700638070665,31.851860022304,23.6626352872511
0,"851ab2d3fffffff",5.95790789775575,31.3486128896977,20.1982833291545
0,"851a8287fffffff",4.78067458880068,32.4808582585267,22.5804226825936
0,"851bacdbfffffff",2.70029869755912,34.0456245017774,64.1100663564823
0,"851a93c7fffffff",1.99453720533186,33.8965298575584,33.3702768882116
0,"852a352ffffffff",7.80300117983963,32.3065308440815,33.206413242552
0,"851ab6d7fffffff",5.504297572856,31.5895010220884,23.4407787256771
0,"851a8523fffffff",1.1840277408673,32.2647716512584,25.4672348841272
0,"852b2943fffffff",4.93509638409823,31.1545223884711,18.8587955593661
0,"852b3273fffffff",4.21911865317761,22.7973234561959,10.5584026216256
0,"852b728ffffffff",2.66323399953168,33.1197091064068,24.8867666027763
0,"852b56cbfffffff",3.25233584055395,33.0608900701157,23.8696563394383
0,"852af30ffffffff",19.313291920556,34.0526106188996,7.01925754547119
0,"851a84abfffffff",-0.449932886283807,31.886517843574,20.4818511842477
0,"852b726ffffffff",2.4109659649507,33.4600082407094,28.0144131087294
0,"852b2d8ffffffff",3.59124526957219,31.2552540145739,21.5104444243691
0,"852a01dbfffffff",3.26799322077722,34.755315649389,35.3700679040918
0,"852a0ac3fffffff",1.91726680406015,35.829257974721,34.724824834753
0,"851baedbfffffff",1.33503591537049,32.478434191007,22.9602984751916
0,"852b264ffffffff",1.2317728391952,30.2821942615991,17.1800527060875
0,"852b0dcffffffff",6.21529700087778,31.318711902156,20.8082682008695
0,"850e4987fffffff",1.4605736485071,25.0165141423543,10.3920922295413
0,"852a032ffffffff",2.33370974682497,35.2532413559731,37.5055929175531
0,"852a20dbfffffff",8.64468132486247,32.2594516771008,23.26352480084
0,"852a2a8ffffffff",1.98976383004526,35.2716304750153,39.4654054033636
0,"851ab067fffffff",2.60515616440468,31.853129728876,24.9127574304138
0,"851a9c97fffffff",2.43643273548646,33.118988948639,23.7927820471802
0,"852a2a67fffffff",1.92011199328634,35.4316003279252,35.5225448146011
0,"852b2143fffffff",3.22418713493128,29.2716613650723,12.9087135237877
0,"852b2663fffffff",5.66099356376764,30.616295040015,20.9032531945392
0,"852b7683fffffff",7.1119961582049,31.8665682571103,16.662130688176
0,"852b090ffffffff",3.42052565289266,32.5638603369395,19.4189438567017
0,"852b46cffffffff",1.82341020892967,35.5028332411641,48.9742143142103
0,"852b2537fffffff",5.78331507757457,31.6105757732584,22.6621521010543
0,"851b93c3fffffff",0.819601595217381,30.8045634481642,20.0713925684341
0,"852a1ea3fffffff",11.1840145876913,33.144672449189,21.8362448871738
0,"851b819bfffffff",0.925994174946915,32.2186691134867,20.3860698127586
0,"852b52d3fffffff",2.35047551096489,34.1576567209931,34.9305935756927
0,"852af587fffffff",2.71473749787217,35.4218368433943,28.5903922150833
0,"852a1e6bfffffff",10.0478228808653,32.3943827629089,16.3314877697916
0,"851b8507fffffff",2.62684958623816,32.6255684613379,22.5410543050027
0,"851aa1b3fffffff",-0.244886049267017,32.2326641275425,23.9184974919666
0,"851a90d3fffffff",3.1959578255411,32.5931945938855,21.8196434521113
0,"852b75c7fffffff",1.86088277836039,34.3214047268184,37.4635914913332
0,"851aaddbfffffff",-0.088243418604587,32.4502247222746,23.6721144974834
0,"852a1e33fffffff",10.341946030807,32.95654241244,20.3988500213382
0,"852af367fffffff",19.6876920654316,34.6149604994841,7.01925754547119
0,"852a2677fffffff",8.41424208277404,32.3624796120807,28.6523347539131
0,"851b83a7fffffff",0.254697943648781,31.829832357991,17.6105679080944
0,"852b06bbfffffff",1.47572485502866,28.1097320547008,14.8223821051193
0,"852b26abfffffff",5.19286330300148,30.8394238886207,22.1338582029246
0,"852a034bfffffff",3.07152800502801,34.77025609185,40.1540949892516
0,"851ba07bfffffff",1.87154067507145,32.3361294486306,19.0656882199374
0,"851a88cffffffff",3.26865797033439,32.2102236651411,22.343017913356
0,"852a02d7fffffff",10.2024819954778,32.7204025273371,23.3701661626498
0,"851aa403fffffff",0.415866499611487,31.646680830705,17.8199973232818
0,"852b2543fffffff",2.3901668298701,31.2687176164955,13.4028411280828
0,"851ba84ffffffff",4.0043758747955,33.4598393119144,29.0849371755163
0,"852b30dbfffffff",1.30840466371251,28.1143721458486,11.0833827381584
0,"852b73d7fffffff",1.85543615122636,34.4128234735643,40.5317228942206
0,"851b8a53fffffff",0.667574287706403,31.5990526960354,19.8034307764034
0,"851ba223fffffff",-0.554839891292192,30.9491778395393,13.8155023877067
0,"852b562bfffffff",2.03099294977658,34.281461856582,36.8894426943076
0,"851b85d7fffffff",0.335635187421057,32.0557644014005,18.3049410886636
0,"852b2bc3fffffff",5.87589880146764,30.9386553258607,17.0685945472332
0,"852b06c7fffffff",4.58781776939227,27.7099249300331,12.6217932441018
0,"852b7393fffffff",1.85283329300206,34.5805779225899,42.9573088727816
0,"852b2a2ffffffff",6.20777576228585,30.480833730794,14.4333288814082
0,"852b0943fffffff",4.05102295415971,31.9061581791451,16.6122940846967
0,"852b166bfffffff",2.91812394634171,20.7948027524081,10.2648352721725
0,"851ab24bfffffff",2.39691820166855,31.2500182510626,20.1985722810331
0,"852b1257fffffff",6.45698214784791,12.3559749759809,9.89400886140688
0,"852b736ffffffff",1.83651975983321,35.0977694366917,44.6457300205423
0,"852a3483fffffff",7.78417682647705,31.7293794299617,10.5899617960959
0,"852af483fffffff",11.4623346211332,33.1603305616764,18.6901795045294
0,"852ae043fffffff",1.95377464562353,36.4240528886968,51.2703277583074
0,"852b1a37fffffff",7.2197221843808,31.4769717707778,13.1074498091081
0,"852a1dd7fffffff",2.50425919702258,35.1370243568613,38.3362783663201
0,"852a1e43fffffff",10.8234858797857,31.943651942693,13.725237752452
0,"852a060ffffffff",8.37755064189635,32.1887696375349,22.2493558363481
0,"852b5463fffffff",1.93102325298369,34.3725893770404,36.3789383538243
0,"852b29d7fffffff",4.59260565674666,31.2624212419144,17.8533288120019
0,"851ba4affffffff",2.16816268635519,34.3536952446722,132.150326713683
0,"852b098bfffffff",4.03871752296634,32.0474758276634,17.353100073458
0,"852a044bfffffff",10.1382584227657,32.0524420995102,16.2112890413715
0,"852a0cbbfffffff",1.83949439182426,35.7191168394956,35.1770151733148
0,"852a2213fffffff",8.19882255491584,32.5035342110528,33.7867273826792
0,"851b826bfffffff",-0.267765221261241,31.0566332219827,17.1011553731832
0,"852b449bfffffff",1.82118744711683,35.6763264241845,52.6018519052351
0,"852b62c7fffffff",1.82175296409564,35.3879659681609,51.9947569978358
0,"851ba85bfffffff",3.80328756620988,33.3305274211999,26.8521792904696
0,"852b05cffffffff",4.50418089243649,28.6293430954519,15.4309862543035
0,"852b192ffffffff",8.68707615709064,31.8924675818646,20.5385338645993
0,"851aaa9bfffffff",0.467077175249355,32.2877249541106,24.7026537347723
0,"851aa30bfffffff",-0.461724497656329,31.8674977090624,19.7495609924047
0,"852a019bfffffff",3.04846849796748,34.9813713401255,37.5297726958689
0,"851a84cbfffffff",-0.448262782983783,31.8519120095956,20.5921917274745
0,"851ab6dbfffffff",5.49155470909494,31.4443608486291,21.8641816991748
0,"852b2c6bfffffff",2.78583914853369,29.6967070548221,13.0406906056886
0,"851b8aa7fffffff",2.99997936108899,32.4864953559657,22.6544069360804
0,"852a1dabfffffff",2.19170835664377,35.4398027542063,32.8071422938145
0,"852b32c7fffffff",5.62555301309836,24.2991634876238,10.5748691406314
0,"851aab6bfffffff",0.912404498080676,32.4373009421609,17.5468913629802
0,"851b894bfffffff",3.38612093738835,33.1771787161779,24.659958574507
0,"852a1b6bfffffff",3.59946122494611,34.6198184670824,31.6458075841268
0,"852b0047fffffff",7.70369117395632,27.2941306937825,7.01925754547119
0,"852b667bfffffff",1.8303850804164,35.058923815236,48.519230454257
0,"852a2c1bfffffff",1.88362060913735,35.1153265699393,43.0942953122585
0,"852b2cdbfffffff",3.7346830112615,30.4263181002453,13.5897540766783
0,"851b8233fffffff",0.078701707186422,30.8822557902095,15.2613746975407
0,"851a8e87fffffff",3.63155606144456,32.181790309723,25.9681893033211
0,"852a236ffffffff",10.9182726859244,32.9507691418683,23.774896085463
0,"852b6633fffffff",1.82548130928266,35.2778864388514,52.2725834310657
0,"851ba187fffffff",2.31393948528502,34.2222102945501,94.6342802437869
0,"852b04a3fffffff",0.881088808718253,29.0773409239772,17.2825195717089
1,"852a3017fffffff",6.42849838778828,31.7589336982881,19.7748967547609
1,"852af077fffffff",17.2209355104652,31.1880298142481,8.17179374582438
1,"851ab50ffffffff",3.50070564260687,31.4832401648916,17.2406466290204
1,"851aa44ffffffff",-0.316494956057556,31.4583456480142,19.53724159496
1,"852b000bfffffff",7.41627710772308,27.4821123530969,9.73117922612714
1,"851aa057fffffff",1.01057976682793,31.5392668512132,16.7451060962195
1,"851b9e07fffffff",0.818407486879615,30.9814582497183,19.5187455789007
1,"852b316bfffffff",5.96566514557648,27.6039815294221,9.03340219688737
1,"852a310bfffffff",9.65112812854726,31.6834282730565,12.3283994017225
1,"851aa213fffffff",5.03500812434237,31.6056388347639,12.1962296565374
1,"851aa073fffffff",0.435018438100815,31.5066979861019,22.6062786689912
1,"852b257bfffffff",3.93605357035054,31.3464049450075,14.7459894503006
1,"852a13a3fffffff",11.0821761943475,31.3842294047577,12.4179896308918
1,"852a1593fffffff",8.99215952555338,30.6262779211757,11.7328644557433
1,"851b9e6bfffffff",0.922459887237185,30.9664571887315,17.0618512991703
1,"851aa297fffffff",1.17849137666024,31.4398139012783,17.010473313155
1,"851b9e17fffffff",4.34090980067567,31.0029580099414,13.7628080652218
1,"852b0a03fffffff",6.50994118887254,31.1715564234088,12.6548742916849
1,"852a1383fffffff",11.6111248424559,31.1935040734031,11.6902849626059
1,"852a3163fffffff",11.7433888204019,31.7371795598907,8.1610043097024
1,"851aa077fffffff",-0.597065947771148,31.5679011200414,18.026922144071
1,"851b9ebbfffffff",4.97461276845724,31.0072506630059,11.8001054964884
1,"852b039bfffffff",8.53347093370188,27.973173235402,9.53183282264555
1,"852a3107fffffff",10.935933353925,31.9703504822471,12.6617139662155
1,"852b01dbfffffff",6.3827640941423,27.2871696057946,10.5142436340602
1,"852b0083fffffff",6.35420428737622,28.4660915052048,10.3955605463548
1,"852a316bfffffff",11.839244227016,30.7511963507142,9.64955240548259
1,"851b9c4bfffffff",2.823325590588,30.9587013853921,14.053639373394
1,"852a1513fffffff",11.9869820135787,29.5652530012709,8.6860229138172
1,"852b0047fffffff",7.70369117395632,27.2941306937825,7.01925754547119
1,"852a3003fffffff",8.38984252768334,31.6131939888,10.6961216276342
1,"852a3173fffffff",11.0542554358641,31.6930173767938,9.25978640474454
1,"852a1077fffffff",12.5950064361095,30.6339248840255,7.47703504562378
1,"852b290ffffffff",7.4856202519226,31.3689248513694,15.350290739175
1,"852b0a7bfffffff",7.5893078192203,31.3604021999571,15.1543480543175
1,"851aa01bfffffff",-0.175872602048471,31.5417657404235,17.7417744109125
1,"852b0e8ffffffff",5.98168119675282,30.6424639329364,14.2631650428579
1,"851aa07bfffffff",1.18819610779221,31.5138472703972,20.0495441086365
1,"851b9e0ffffffff",2.77964157690153,30.9805026487871,16.6927005787088
1,"851aa477fffffff",1.68200454581059,31.4779389265812,17.6248253300937
1,"852b001bfffffff",7.48322639629866,27.6686210740696,9.62749192931435
1,"852b0577fffffff",3.96665375544266,27.5965124669701,12.4171547303697
1,"852b060bfffffff",5.97919009171539,27.3153568132959,10.4689667044264
1,"852a310ffffffff",11.6952258348465,31.7374400241608,7.12098598480225
1,"852a3007fffffff",7.13402620088372,31.6684818315988,14.461355487907
1,"852b0c4bfffffff",4.72307783897703,30.6210874571945,13.6408494409889
1,"852b061bfffffff",5.75216844508594,27.5849691159797,10.6602854279155
1,"852b0033fffffff",7.15604393801304,27.3245201159005,8.85036849975586
1,"852b0567fffffff",4.06931248444575,27.3712033599314,13.53796507373
1,"852a303bfffffff",7.23699056966738,31.5828559699685,14.2331089016163
1,"851b8a6bfffffff",2.96186224542408,31.3130357154692,14.9926808265725
1,"852b00abfffffff",7.29783893823906,27.4541755974895,8.76964057575573
1,"852a31c7fffffff",8.14171902990903,31.8315490054763,17.358815872308
1,"852a3483fffffff",7.78417682647705,31.7293794299617,10.5899617960959
1,"852a3497fffffff",7.35764920420518,31.770418194408,13.4501088797444
1,"852a3473fffffff",7.24805445668071,31.7708356645372,12.8256737571774
1,"852b1883fffffff",6.90751320936463,30.9785027335388,18.8210969091666
1,"852b1817fffffff",6.99704835588984,31.418019356551,21.2274482051531
1,"852a308bfffffff",6.55601812869009,31.7557585046749,17.9389694128374
1,"852a3403fffffff",6.88753191419322,31.6753671325818,15.2697556422214
1,"852a3417fffffff",6.59834545113222,31.7396216500889,17.8791461544808
1,"852b180bfffffff",8.10152215186996,31.5062437418735,9.68673714905074
1,"852b1873fffffff",7.54359893173431,31.6145660829062,13.2742998286931
1,"852b1807fffffff",6.78948887831434,31.6172657189546,25.8731721161993
1,"852a30c7fffffff",7.76274449716915,31.6894375290534,11.7114783561591
1,"852b1803fffffff",7.9460992437571,31.4252790682244,10.4501815916914
1,"852a3487fffffff",6.55925503391208,31.73485164835,17.7368805562607
1,"852b1a23fffffff",7.12108019872346,31.4544810478133,14.0446802470018
1,"852b1a37fffffff",7.2197221843808,31.4769717707778,13.1074498091081
1,"852b188ffffffff",7.20551165878171,31.1826704463573,18.5586840805381
1,"852a346ffffffff",7.39022323669809,31.7554813844186,13.4459985691289
1,"852a309bfffffff",6.44839921337788,31.821416689892,19.4701932476024
1,"852a340bfffffff",7.47468583436325,31.5831121988971,12.1116485174256
1,"852a150bfffffff",11.7878020572843,31.2615677034012,7.64292174216473
1,"852b0037fffffff",7.18315176315831,27.2411721691941,8.08740520477295
1,"852b0043fffffff",7.72100257723959,27.2148374427449,7.09555387496948
1,"851b8a4ffffffff",2.02741025999339,31.3764748862295,16.5482772056503
1,"852b005bfffffff",7.37689065402656,27.2550211434412,8.23999786376953
1,"852b1c2bfffffff",7.05150108235051,29.4139526267646,11.8969529204898
1,"852b0553fffffff",2.52678062715991,28.6182184299636,16.8804870607074
1,"852b03b3fffffff",6.30203892538004,29.0171336381122,11.6523295436243
1,"852b008bfffffff",6.77830245385342,28.4282380980675,11.3935772264847
1,"852b2c5bfffffff",4.94313201106934,29.3418147732513,13.9723337328795
1,"852b06c3fffffff",6.75251710565403,27.739760661366,8.02999076698766
1,"852b214ffffffff",2.18152319003047,28.8204857917747,14.1444820370337
1,"852b032bfffffff",6.47447744094036,30.4087828160938,14.457245346673
1,"852b036bfffffff",6.51768734603368,30.474934829606,16.7996309032344
1,"852b037bfffffff",6.78967976838426,30.4552790872978,14.4032727135552
1,"852b0307fffffff",5.75919602740782,30.2617946212942,16.5325939878069
1,"852b1c2ffffffff",6.96942740550848,30.4765763487479,16.5111115008894
1,"852b1d0bfffffff",7.02621263817505,31.1527575531391,17.6863504162541
1,"852b1d13fffffff",6.60492032134172,30.8432675756589,15.0369171879508
1,"852b1caffffffff",7.38652093768722,29.3307614406753,10.0111248007527
1,"852b1d77fffffff",7.64669276615887,31.4007332722346,16.2145965568947
1,"852b1c37fffffff",6.88739781277348,29.3133250426764,11.4691029540216
1,"852b1d1bfffffff",6.89754968595625,30.9831126322249,17.8234011007078
1,"852b1897fffffff",6.87762818906945,30.8335909060758,18.7917151926744
1,"852b0317fffffff",7.46837145999977,29.9269705541206,11.5185799536079
1,"852b0367fffffff",6.27479821985418,30.5487350807447,15.2943207703857
1,"852b00c7fffffff",7.85222662381376,27.6903145216932,6.9429612159729
1,"852b00b7fffffff",5.77352461951349,27.5413312205562,11.9347158401502
1,"852a06d3fffffff",10.7580779285142,31.5980708647256,11.8773651216367
1,"852b243bfffffff",1.47187628680746,31.132588479254,16.7928875991792
1,"852a1327fffffff",12.1769375536929,31.4361879223525,10.3956567554763
1,"852b2ad3fffffff",6.39584017773896,27.6851600027245,12.7964526009479
1,"852b0573fffffff",7.24387250155813,27.4948213429563,7.57503855509389
1,"852a10affffffff",11.3579756372204,31.093781413454,10.6652947278938
1,"852a1393fffffff",11.0752086844107,31.0931513044569,11.5299857096239
1,"852aa9affffffff",14.6248017398998,31.6843646728631,7.94463894282929
1,"852a31c3fffffff",6.72734801949877,31.9596474175501,22.4288704660204
1,"852a1503fffffff",9.72089469613451,31.2144894182481,12.4170263134671
1,"852a10a7fffffff",10.1895646587365,31.1963607389919,12.0038190979749
1,"852aad87fffffff",12.7738929735591,31.5147634491776,10.0535760780778
1,"852aadbbfffffff",13.0474558322117,31.4987383274117,10.3352554843883
1,"852aad07fffffff",13.2178047468967,31.564359207346,9.39086439553335
1,"852af00bfffffff",16.8224196378631,30.8159986264778,8.12216263973352
1,"852aa9b3fffffff",13.8355228319915,31.9399460262722,8.99155480957995
1,"852a158ffffffff",10.4045265599935,30.0187736641277,11.259095536338
1,"852a103bfffffff",12.0093294087082,30.76296965522,9.87824839413768
1,"852a3013fffffff",6.64466801424219,31.7201156336852,16.7992840872871
1,"852a156bfffffff",9.81897512024099,31.3276375500843,12.6022953288724
1,"852aad3bfffffff",12.76364431899,31.7284142561633,10.161276810097
1,"852a3113fffffff",7.16552223189913,31.9805561075307,21.2521737801908
1,"852a31cffffffff",7.04193984423623,31.8037162898767,21.1506380559218
1,"852aadabfffffff",13.0538674983563,31.5487172146036,9.93498910256107
1,"852a13bbfffffff",11.7773674959285,31.1912241961418,11.5900980382656
1,"852af16bfffffff",19.4147471542712,34.3325190720735,12.0956572474855
1,"852a13abfffffff",12.7841305508457,31.0648466071697,8.95556456753702
1,"852af01bfffffff",15.8607921307336,31.6809718054954,11.3915222076455
1,"852af17bfffffff",19.0210235594499,33.8861923386352,13.7630006990047
1,"852a06d7fffffff",10.3210645198822,31.6625920883333,12.5936638441953
1,"852a1a4bfffffff",13.1764931811227,31.9851344346197,10.6489822952836
1,"852aa927fffffff",14.6954850901658,30.8661250265359,9.8486418651812
1,"852af023fffffff",16.9228183797714,32.8178569218928,12.6394929725313
1,"852af03bfffffff",16.48363095251,32.464414079984,11.9103112220764
1,"852a3337fffffff",10.144687897268,31.4690485106574,11.3615174669208
1,"852af143fffffff",18.2759721122607,33.2915386093987,11.0277663706128
1,"852a1337fffffff",11.6910568230883,31.386721228911,11.7248367781591
1,"852af00ffffffff",16.4374779133684,31.8216189198221,10.9107530277586
1,"852a1573fffffff",9.64339678546395,31.3338680459995,13.1497403383255
1,"852a1587fffffff",9.66951970078728,30.169442456178,11.4058115849591
1,"852aad97fffffff",12.9147132469548,31.4494501557013,8.97704691477496
1,"852a302bfffffff",8.70272475932584,31.4691148382245,11.2367461919785
1,"852a3117fffffff",7.75407501242378,32.0465720273028,21.973096594666
1,"852a3143fffffff",8.15655719556592,31.5923601593634,13.4743848424969
1,"852b1b53fffffff",6.54543883752341,31.8861731170404,22.5211774068649
1,"852a1517fffffff",9.21207997305225,31.1309635287583,13.156329523915
1,"852af02bfffffff",17.350465946326,31.8404747067076,8.22689661032423
1,"852a1023fffffff",10.6204126329735,31.1274085984086,11.6996293170284
1,"852aad23fffffff",12.5150701293239,31.9254601908854,12.1268692690917
1,"852a1a5bfffffff",13.0303890507932,31.9847166586404,11.2475355098946
1,"852a157bfffffff",10.9453644742468,31.302895478528,9.63054250225876
1,"852a13affffffff",11.5445644253432,31.3171060145503,11.6545453101698
1,"852aa9a3fffffff",14.4282912097194,31.8046738571591,7.91920695521615
1,"852a150ffffffff",9.12300949174948,31.3781314594577,13.807121425566
1,"852af02ffffffff",17.6250979880291,32.4351694720361,9.05999021819144
1,"852a1397fffffff",10.4686917125276,31.2343081753663,11.7833432814088
1,"852af45bfffffff",15.3322522486701,30.248486116679,8.65076497106841
1,"852a3323fffffff",9.6041056044174,31.3388947429079,11.4305693091768
1,"852a30abfffffff",6.178170467868,31.8492038145611,23.0994042796318
1,"852a064bfffffff",8.80304695364803,31.0029859518764,12.6551631592741
1,"852a311bfffffff",8.80828828522653,31.7431628848567,14.4084363320861
1,"852a102bfffffff",10.9838691248436,31.0482030637336,11.1791385406196
1,"851b9cc7fffffff",4.90160464689211,30.8658848916641,11.9561661228989
1,"852b03b7fffffff",8.07644748735251,28.6736087233129,8.93196287841508
1,"852b0157fffffff",8.381183610373,25.3772157346359,8.31051422670634
1,"852b1597fffffff",6.582086019519,27.3089120701106,7.97681429169395
1,"852b23dbfffffff",6.19023344064639,29.6401071524379,12.2204093812692
1,"852b06d7fffffff",4.44273314666041,27.7158537026608,11.7826114105456
1,"852b06cffffffff",6.46356415001657,27.7322774174237,9.76553816506357
1,"852a1387fffffff",11.17678355689,31.2263346248203,12.0910330854281
1,"852aa9cffffffff",15.2775186577229,12.3171085697232,7.01925754547119
1,"852a065bfffffff",9.00664934867159,31.1243532338126,12.4425868225419
1,"852a1033fffffff",11.8567137561663,30.8910433483445,10.5557311672956
1,"852af15bfffffff",17.8528656417673,32.9599882556935,10.5471896673694
1,"852af14ffffffff",18.5230340801104,33.4823364296345,10.4618380322601
1,"852af6a3fffffff",16.2789225483483,25.8166581307999,7.09555387496948
1,"852af0cbfffffff",16.065948646478,29.2626919987226,10.5469965862505
1,"852af0dbfffffff",15.8017415982304,29.1528427408199,10.6218480829037
1,"852af6b3fffffff",16.1458470622698,27.4146825906002,6.9429612159729
1,"852aa937fffffff",14.1629688631405,31.4380259056284,10.3992209554923
1,"852a332ffffffff",9.38929449644956,31.1522316923045,11.9379781178754
1,"852a1e5bfffffff",11.9287674014014,31.5476922121915,11.408605384345
1,"852a1597fffffff",9.23149954505039,30.6348014997713,11.5514681158644
1,"852a159bfffffff",9.4271759097825,29.6482193895462,10.4808478933392
1,"852af6b7fffffff",15.5543659445312,28.897382206387,10.6622119557978
1,"852a158bfffffff",10.2609757965412,29.2994857219735,10.9282856854525
1,"852af0cffffffff",16.3084399224532,30.1957617492387,8.78524668650194
1,"852a1323fffffff",13.3086780949373,31.1457919737305,7.29014781990437
1,"852a1583fffffff",9.53560909638903,29.7680675590078,11.4954340305393
1,"852b0507fffffff",4.54532601112838,28.1290064905629,13.6316977624941
1,"852b053bfffffff",4.4494433348641,27.6704157843734,12.2935265314699
1,"852b033bfffffff",6.07385296101748,30.3480065483035,16.1164324837502
1,"852b1d9bfffffff",6.42805429408044,30.6090754191081,15.3258411619398
1,"852b1d8bfffffff",6.36274887646489,30.7138112402123,15.1753808119482
1,"852af6affffffff",16.0612870221989,26.8568021199519,8.95903277076053
